image,true_class,prob_fastened,prob_unfastened,prob_uncertain,raw_pred
005789af038a576b868f78c747657788_box_0.jpg,seatbelt_fastened,1.0,1.7994544e-13,2.6112823e-10,seatbelt_fastened
009d924ad01155c286c01e3163ec4ed5_box_0.jpg,seatbelt_fastened,0.7791736,0.21932593,0.0015004511,seatbelt_fastened
02f9fed8e42259f49c5b3720d0af6eb0_box_0.jpg,seatbelt_fastened,0.9761919,0.00050706725,0.023301115,seatbelt_fastened
0392d7de5f865dcfbde694d685e67582_box_0.jpg,seatbelt_fastened,0.97370434,6.749787e-05,0.02622811,seatbelt_fastened
051e2f51d3ab5402b23c7410a5673ed2_box_0.jpg,seatbelt_fastened,0.708034,0.2907663,0.0011997571,seatbelt_fastened
05adcef2448c5e5dad5348de65fb1801_box_0.jpg,seatbelt_fastened,0.99999464,4.4956923e-06,8.1657106e-07,seatbelt_fastened
05adcef2448c5e5dad5348de65fb1801_box_1.jpg,seatbelt_fastened,0.71208185,0.28791758,6.0443443e-07,seatbelt_fastened
05d35c57575f536bb45ba6d4bf3ee107_box_0.jpg,seatbelt_fastened,0.9999856,8.758566e-06,5.6697945e-06,seatbelt_fastened
07ac6fe1285d55388a45893ddad32d33_box_0.jpg,seatbelt_fastened,0.082881734,0.91549134,0.0016269247,seatbelt_unfastened
0802f2359b8e55089df042abe330ee16_box_0.jpg,seatbelt_fastened,0.87098247,1.5893982e-06,0.12901601,seatbelt_fastened
0811cda8f57454c498e3f2b5c184463c_box_0.jpg,seatbelt_fastened,0.9999987,4.218639e-08,1.2524396e-06,seatbelt_fastened
0861f6d22fd554089713a8c7ded4f0b5_box_0.jpg,seatbelt_fastened,0.8611344,0.1386457,0.00021989939,seatbelt_fastened
0a42ee55b69659ac87db04f6da38b299_box_0.jpg,seatbelt_fastened,0.9990557,1.414409e-05,0.00093012076,seatbelt_fastened
0a7370c6a1dc5ab095173f5f592d390e_box_0.jpg,seatbelt_fastened,0.78111696,0.21672222,0.0021607638,seatbelt_fastened
0a8b53522f5550c3a1296899383a5838_box_0.jpg,seatbelt_fastened,0.711201,0.28203544,0.0067635323,seatbelt_fastened
0bcc2e63d1f95c7584de7cde4c4de6fd_box_0.jpg,seatbelt_fastened,0.9835887,0.011067457,0.005343799,seatbelt_fastened
0c7217bc1ee55fb09117461945b3a278_box_0.jpg,seatbelt_fastened,0.99999356,9.64778e-09,6.427847e-06,seatbelt_fastened
0c9fd5399a895fa797d3e7af40026f7c_box_0.jpg,seatbelt_fastened,0.71468055,0.28404433,0.0012751132,seatbelt_fastened
0ce276339b03567bb2990fb461f10881_box_0.jpg,seatbelt_fastened,0.27401897,0.72029006,0.0056909733,seatbelt_unfastened
0e411e6f273651c6b38d6dde6c5f4790_box_0.jpg,seatbelt_fastened,0.4895035,0.5064592,0.004037309,seatbelt_unfastened
0f3ed3ebbf0058f6a9acc16c16b9a451_box_0.jpg,seatbelt_fastened,0.96831423,7.029752e-10,0.03168572,seatbelt_fastened
102dea379c7e5f89bb2973f9f7e40d61_box_0.jpg,seatbelt_fastened,0.99978405,2.2451274e-09,0.00021599143,seatbelt_fastened
102ff4301934572cb7ac921c3441381a_box_0.jpg,seatbelt_fastened,0.9999796,8.749493e-07,1.9519985e-05,seatbelt_fastened
12be0f738623538295440186442ccfb6_box_0.jpg,seatbelt_fastened,0.0826039,0.9131227,0.004273433,seatbelt_unfastened
1445fed4d8295c6ea68b099c16c8e1f5_box_0.jpg,seatbelt_fastened,0.28367358,0.71393394,0.0023925537,seatbelt_unfastened
1599bc11cb305297b6c615be2374cfb1_box_0.jpg,seatbelt_fastened,0.9998361,4.5095216e-08,0.0001638706,seatbelt_fastened
16885bee5cd75b0e98e570d0f54c74b9_box_0.jpg,seatbelt_fastened,0.99999213,1.8839237e-06,5.998916e-06,seatbelt_fastened
17acfbdf03e554029e45f72208a54413_box_0.jpg,seatbelt_fastened,0.6106131,0.3886937,0.0006932924,seatbelt_fastened
181e84262bf1523c8271cf952550de4a_box_0.jpg,seatbelt_fastened,0.981851,0.018011196,0.0001377183,seatbelt_fastened
18a1e80ad8ba5ad08e955c4ce743047b_box_0.jpg,seatbelt_fastened,0.99992645,8.1228864e-11,7.3584255e-05,seatbelt_fastened
18d246c7efc05e6d97c60a89a5f12ea7_box_0.jpg,seatbelt_fastened,0.14300884,0.839561,0.017430142,seatbelt_unfastened
18fd01e194e45256af5563b85f5a1418_box_0.jpg,seatbelt_fastened,0.62486947,0.37311593,0.0020145837,seatbelt_fastened
19d669c3755d54088eb8949ed9bb03cd_box_0.jpg,seatbelt_fastened,0.4156826,0.5812392,0.0030782335,seatbelt_unfastened
1ac7217ff929515f828c2a0bac5d968b_box_0.jpg,seatbelt_fastened,0.9997876,0.00010381521,0.00010855924,seatbelt_fastened
1bd0daf69f8d5d0bb083aa40637e2e30_box_0.jpg,seatbelt_fastened,0.30130705,0.6984302,0.00026276993,seatbelt_unfastened
1be54bdccdcd5181b60a89d6095d9203_box_0.jpg,seatbelt_fastened,0.9999883,2.5134568e-08,1.1672536e-05,seatbelt_fastened
1c223235688756b5b819c5a7b959f722_box_0.jpg,seatbelt_fastened,0.9993243,1.15491666e-07,0.0006755756,seatbelt_fastened
1d502952b13750379e97ff436db49cda_box_0.jpg,seatbelt_fastened,0.49876404,0.5010507,0.00018521116,seatbelt_unfastened
1e1e712065655098b03ed682564f753d_box_0.jpg,seatbelt_fastened,0.99932265,0.00061466213,6.267279e-05,seatbelt_fastened
1e634491314c53a39cf3dfbc0c80452e_box_0.jpg,seatbelt_fastened,0.6416566,0.3582031,0.00014039039,seatbelt_fastened
1ea4e2155c25590d90a6b376adfeaa17_box_0.jpg,seatbelt_fastened,0.29873088,0.70099103,0.00027808992,seatbelt_unfastened
2047171f43e25057a31fab95bb60601c_box_0.jpg,seatbelt_fastened,0.9998672,6.4456267e-06,0.00012633576,seatbelt_fastened
211a42aecb8356f8a0d0a9ddb8bffebf_box_0.jpg,seatbelt_fastened,0.999754,2.5591024e-07,0.0002458059,seatbelt_fastened
213552d48cc35f41bdf014e375409485_box_0.jpg,seatbelt_fastened,0.9998161,2.0156573e-07,0.00018363493,seatbelt_fastened
2178d22d699d5b03a023cfd3ee70237c_box_0.jpg,seatbelt_fastened,0.9933924,0.0061191996,0.0004884205,seatbelt_fastened
21fd160ae4fb5fae86423084f7701b52_box_0.jpg,seatbelt_fastened,0.46283337,0.5369776,0.00018903699,seatbelt_unfastened
22499990193c548c87a4881b38556816_box_0.jpg,seatbelt_fastened,0.9999057,1.6550375e-07,9.416366e-05,seatbelt_fastened
225c7d567092566994fdcf995c9a7fcd_box_0.jpg,seatbelt_fastened,0.99146795,0.008199664,0.00033239942,seatbelt_fastened
226de4d7ec5955c5a27779fc7b9f30b1_box_0.jpg,seatbelt_fastened,0.9995346,8.7075256e-05,0.00037831813,seatbelt_fastened
23e35c79f19254d79abb26f16ce0876e_box_0.jpg,seatbelt_fastened,0.9999999,3.1700962e-09,7.2575894e-08,seatbelt_fastened
24559e86a5b05d6ab43bcc4bc8b89f38_box_0.jpg,seatbelt_fastened,0.9999999,6.284682e-08,5.891202e-08,seatbelt_fastened
24924da137455c7793f4cc2e902d7faf_box_0.jpg,seatbelt_fastened,1.0,5.5301087e-14,3.7555947e-10,seatbelt_fastened
24979c776f505551a0b90d2f8460ff83_box_0.jpg,seatbelt_fastened,0.18617402,0.8119935,0.0018324303,seatbelt_unfastened
2614007eb945566c91cc05a6d4b48154_box_0.jpg,seatbelt_fastened,0.99997365,1.1887736e-08,2.6358244e-05,seatbelt_fastened
26fa631c9fa15249806f8c641d070c16_box_0.jpg,seatbelt_fastened,1.0,3.9208964e-10,7.57149e-10,seatbelt_fastened
27d0a740634e53feb45c6ec11ce2b72f_box_0.jpg,seatbelt_fastened,0.99659675,0.003110405,0.00029288113,seatbelt_fastened
28a2cee6f21f5f23a47c4044e75e1768_box_0.jpg,seatbelt_fastened,0.9810905,7.033396e-05,0.018839205,seatbelt_fastened
2a00534f02415025a78e798c00d93cce_box_0.jpg,seatbelt_fastened,0.14277472,0.8571268,9.854014e-05,seatbelt_unfastened
2a4f7508c5ff5e80876464759be5759b_box_0.jpg,seatbelt_fastened,1.0,2.8493265e-08,6.0790875e-09,seatbelt_fastened
2bbc8d8eadaf56718537a771600f3fc7_box_0.jpg,seatbelt_fastened,0.99997556,1.0780533e-05,1.3666655e-05,seatbelt_fastened
2be68d45e2e25eb78838086d94764620_box_0.jpg,seatbelt_fastened,0.121372916,0.8758198,0.0028072575,seatbelt_unfastened
2cbff1c6dc1d5601a02b070cbf759e6c_box_0.jpg,seatbelt_fastened,0.25220892,0.7429052,0.0048858216,seatbelt_unfastened
2ce393462dcd5eff86f5912aadf83c96_box_0.jpg,seatbelt_fastened,0.77929145,7.668087e-05,0.22063188,seatbelt_fastened
2d3ad9ff2dce5e50a5a5f4240a3bafbb_box_0.jpg,seatbelt_fastened,0.99999964,5.345813e-10,3.2648137e-07,seatbelt_fastened
2e4f76e8f0f45e94b52dd0ca77af846b_box_0.jpg,seatbelt_fastened,0.99999976,4.8639457e-11,2.1355295e-07,seatbelt_fastened
2e5d1f9283025a8b8ed0a3bdb35d9f5f_box_0.jpg,seatbelt_fastened,0.044914912,0.9376155,0.01746959,seatbelt_unfastened
2f0c1bb1dd9654ec811625aa2429785e_box_0.jpg,seatbelt_fastened,0.9996294,0.00037026432,3.2360893e-07,seatbelt_fastened
3047ebd49c7e5cf0ab9f3149f64dbb27_box_0.jpg,seatbelt_fastened,0.98706985,0.0006573029,0.012272848,seatbelt_fastened
3123a82c4a345f349359f03b5f2d5714_box_0.jpg,seatbelt_fastened,0.9999273,4.6308156e-05,2.6452333e-05,seatbelt_fastened
314ca7621c8b51d2bf6480f17e70542e_box_0.jpg,seatbelt_fastened,0.9321616,0.06780116,3.7194277e-05,seatbelt_fastened
31fdc24b39c257cfacbb374c1494bd44_box_0.jpg,seatbelt_fastened,0.99601644,0.0033725034,0.00061104354,seatbelt_fastened
329e91176f81590682736dec98481d84_box_0.jpg,seatbelt_fastened,0.9992537,0.00070232386,4.391287e-05,seatbelt_fastened
3320381680ef552d82212151d258825b_box_0.jpg,seatbelt_fastened,0.99999595,4.3979907e-07,3.620044e-06,seatbelt_fastened
340d4a23a8525f22a503b43ba867e44f_box_0.jpg,seatbelt_fastened,0.9446591,0.055119727,0.00022119193,seatbelt_fastened
3425df37475752eca44a3d664b65c49c_box_0.jpg,seatbelt_fastened,0.98219013,0.015848493,0.0019613027,seatbelt_fastened
34f2fee4855d5d84848d42f43f8516fb_box_0.jpg,seatbelt_fastened,0.6677864,0.3244046,0.007808993,seatbelt_fastened
34fbbd4c60b658c885e6253749f4d6b9_box_0.jpg,seatbelt_fastened,0.9999441,3.901971e-06,5.202226e-05,seatbelt_fastened
366a9ba395d750a795062d24709e6434_box_0.jpg,seatbelt_fastened,0.74149376,0.24632064,0.012185554,seatbelt_fastened
376828c859e5551cac995cd897660961_box_0.jpg,seatbelt_fastened,0.99320716,0.0051071635,0.0016856919,seatbelt_fastened
378b7df3620c5b27ba4d069f7c7d0857_box_0.jpg,seatbelt_fastened,0.9791372,0.020819219,4.366245e-05,seatbelt_fastened
380576fba6a55f09856e8c63b50a7a28_box_0.jpg,seatbelt_fastened,0.43533584,0.56465507,9.108941e-06,seatbelt_unfastened
393efedc792b511c8cf6382353a2fc87_box_0.jpg,seatbelt_fastened,0.9981229,0.0017617671,0.000115318566,seatbelt_fastened
3ace7e36289e544b8eda73e75720b7a1_box_0.jpg,seatbelt_fastened,0.9762031,0.004959627,0.018837247,seatbelt_fastened
3ad5d48870f35628bfcbbbd13b29b7f1_box_0.jpg,seatbelt_fastened,0.99997604,2.8832238e-08,2.3948573e-05,seatbelt_fastened
3c9b9a70af8c513a8ea77fb72097638e_box_0.jpg,seatbelt_fastened,0.9999969,5.0643156e-09,3.0645192e-06,seatbelt_fastened
3db9a13250715fc78042cf1dc86a993d_box_0.jpg,seatbelt_fastened,0.99890924,0.00015805467,0.0009327245,seatbelt_fastened
3f619f948bde5efe93f91ee10655036b_box_0.jpg,seatbelt_fastened,0.70880187,0.081002094,0.21019597,seatbelt_fastened
3fd9f9d8f28253b1ab368f38bdd3100d_box_0.jpg,seatbelt_fastened,0.7652318,0.23320007,0.0015681332,seatbelt_fastened
401549fc03c35451b02df2baf2c97c5e_box_0.jpg,seatbelt_fastened,0.111696035,0.8862252,0.002078847,seatbelt_unfastened
4035118146895cb7bfc74f9e0082363b_box_0.jpg,seatbelt_fastened,0.9999521,7.178359e-08,4.7774174e-05,seatbelt_fastened
4063c5267a79574da636ffd462c36906_box_0.jpg,seatbelt_fastened,0.2192601,0.78052586,0.00021397944,seatbelt_unfastened
406dd4c25268565d902d70b8fd8c0ef2_box_0.jpg,seatbelt_fastened,0.99999917,8.6899894e-07,1.2750125e-10,seatbelt_fastened
416f4241e5105a71bee639cda51a8977_box_0.jpg,seatbelt_fastened,1.0,2.6933808e-11,2.2072845e-08,seatbelt_fastened
419d25d10ad15a89ab8e24a21597f0a3_box_0.jpg,seatbelt_fastened,0.99999976,1.5090724e-11,2.283463e-07,seatbelt_fastened
437997851866522d939957475be70ba6_box_0.jpg,seatbelt_fastened,0.7096444,0.28747135,0.002884333,seatbelt_fastened
43eb7d14039f5937bcf1139d8fee56b8_box_0.jpg,seatbelt_fastened,0.19222263,0.8013371,0.0064402106,seatbelt_unfastened
441892dc4e665e12bdc6f2328419669e_box_0.jpg,seatbelt_fastened,0.028314965,0.97167665,8.303034e-06,seatbelt_unfastened
443a2042ab415a18b41a764c1a50d6fe_box_0.jpg,seatbelt_fastened,0.38235047,0.61646485,0.0011846778,seatbelt_unfastened
44dc682824395e198b87e23d19fd239c_box_0.jpg,seatbelt_fastened,0.0034191485,0.9965808,1.3842137e-07,seatbelt_unfastened
45749087e8295f6bbcd560f4ad4836de_box_0.jpg,seatbelt_fastened,0.9958395,0.0037455724,0.00041505718,seatbelt_fastened
46d3e5664aab5fbc9f20f3e21b67bcbe_box_0.jpg,seatbelt_fastened,0.90956837,0.00029361865,0.090138,seatbelt_fastened
46dd189b61d85b848cd7473b9b08a405_box_0.jpg,seatbelt_fastened,0.8056583,0.15614335,0.038198393,seatbelt_fastened
4982271e455a5177a984d0537b459445_box_0.jpg,seatbelt_fastened,0.68575484,0.31404957,0.00019566248,seatbelt_fastened
49b030a457005f3382220a3004539a2b_box_0.jpg,seatbelt_fastened,0.9998053,4.339927e-05,0.00015137478,seatbelt_fastened
4a04c29068555732a5f85f97a7814c99_box_0.jpg,seatbelt_fastened,0.9973755,1.4227636e-06,0.0026230572,seatbelt_fastened
4a0b27be0a005f8884498de658863bb3_box_0.jpg,seatbelt_fastened,0.9999987,1.4286125e-07,1.229957e-06,seatbelt_fastened
4ac089869dc25667b5d24e67be0ea5f2_box_0.jpg,seatbelt_fastened,0.9991291,1.3453677e-06,0.00086955266,seatbelt_fastened
4b97a46ee3265a9b89b8704115bb8ee0_box_0.jpg,seatbelt_fastened,0.9999987,2.731209e-07,1.0680254e-06,seatbelt_fastened
4c33e0e7442f5ec18e2e7ed2bf649e4b_box_0.jpg,seatbelt_fastened,0.9814015,0.018499186,9.931328e-05,seatbelt_fastened
4e3495f559bb5561aed97fa059d92356_box_0.jpg,seatbelt_fastened,0.99999595,3.3700424e-06,7.714762e-07,seatbelt_fastened
4f3a9ebf550d5634b87e9eeca7f782a9_box_0.jpg,seatbelt_fastened,0.44741365,0.5520244,0.00056190026,seatbelt_unfastened
4fc8ec6cd7975de7820440d93d187754_box_0.jpg,seatbelt_fastened,0.90256256,0.09299305,0.00444435,seatbelt_fastened
5031dacf5e3559208076c98624f70569_box_0.jpg,seatbelt_fastened,0.9659831,0.031806383,0.0022104478,seatbelt_fastened
50fe32479cb2587ba60ced0152f96ff8_box_0.jpg,seatbelt_fastened,0.9984484,0.000374489,0.0011770931,seatbelt_fastened
5140a5cbcbc05ecd8f9ac9db9bec4271_box_0.jpg,seatbelt_fastened,0.99927753,0.0007210149,1.3963281e-06,seatbelt_fastened
5377026b0a7f5a169de644e4a9f6b980_box_0.jpg,seatbelt_fastened,0.99507093,3.5152032e-05,0.0048940233,seatbelt_fastened
53e1ea32106452508eb6c2d85428d6a6_box_0.jpg,seatbelt_fastened,1.0,9.498334e-10,1.0174518e-08,seatbelt_fastened
54b75385bf89576fa536180b18554a10_box_0.jpg,seatbelt_fastened,0.9999925,2.1693495e-06,5.3559615e-06,seatbelt_fastened
54c8a4a898d65f3f8a22389c5b8913ae_box_0.jpg,seatbelt_fastened,0.65769213,0.3154854,0.02682243,seatbelt_fastened
551f9f6e303d554f849cdb910c66d976_box_0.jpg,seatbelt_fastened,0.9974251,0.0025726368,2.3078412e-06,seatbelt_fastened
55be1a84189c5e488c718fe00e4648f7_box_0.jpg,seatbelt_fastened,0.99997234,2.7258058e-05,3.949134e-07,seatbelt_fastened
56127c7ec3515ca1ad6e3a85f357d40f_box_0.jpg,seatbelt_fastened,1.0,4.6572413e-08,9.290104e-09,seatbelt_fastened
5677c8400b105c9cba1bb06106a5dca8_box_0.jpg,seatbelt_fastened,0.96440434,0.027299065,0.008296683,seatbelt_fastened
57837e690ce95421aca85d5b24fa4ad0_box_0.jpg,seatbelt_fastened,0.99999535,6.8956446e-08,4.556847e-06,seatbelt_fastened
57f0c7fc2caa5fd4ba97b2686517a592_box_0.jpg,seatbelt_fastened,0.99999225,4.097733e-09,7.727049e-06,seatbelt_fastened
58c4e8f3f8735dec833e2f8eefda31a9_box_0.jpg,seatbelt_fastened,0.95610076,0.043285556,0.00061365083,seatbelt_fastened
592c8005ba975373b76885d53e8af760_box_0.jpg,seatbelt_fastened,0.8247419,0.16338508,0.01187301,seatbelt_fastened
5a171b39fd2555a1a979de2f5c2800b2_box_0.jpg,seatbelt_fastened,0.9999956,9.032388e-07,3.39796e-06,seatbelt_fastened
5b5a5994a9505c69935b6ceb70941875_box_0.jpg,seatbelt_fastened,0.9997676,4.694793e-07,0.00023195044,seatbelt_fastened
5d0c224518e4521d9a9f243923591ad6_box_0.jpg,seatbelt_fastened,0.98746663,0.002904099,0.009629173,seatbelt_fastened
5d0d1f263df356afb98763d455eba30c_box_0.jpg,seatbelt_fastened,0.9980027,2.2082386e-07,0.0019970373,seatbelt_fastened
5d938bd87855543fbfab57099495318a_box_0.jpg,seatbelt_fastened,0.99990714,2.9683463e-07,9.25933e-05,seatbelt_fastened
5e2793abf26d5140b987e591d88fb376_box_0.jpg,seatbelt_fastened,0.659304,0.3374853,0.003210719,seatbelt_fastened
5e861cd1cdde55a3b63bf50189f23706_box_0.jpg,seatbelt_fastened,0.9999945,1.34450024e-08,5.460276e-06,seatbelt_fastened
5f5dc43a4368584db9ba6e6e120c633b_box_0.jpg,seatbelt_fastened,0.99988925,8.647537e-05,2.426225e-05,seatbelt_fastened
62cc539da63e52aa99f4e09f94e832b8_box_0.jpg,seatbelt_fastened,0.86753625,0.13117151,0.0012922226,seatbelt_fastened
650d791f1c2b5412a25cacbb08307be2_box_0.jpg,seatbelt_fastened,0.9999989,1.2652385e-08,1.0365322e-06,seatbelt_fastened
6536150b4f485ac7a16a01da91e6424a_box_0.jpg,seatbelt_fastened,0.8886113,0.110216714,0.0011720092,seatbelt_fastened
6575c5693f2f5cd884d67e75e21af34e_box_0.jpg,seatbelt_fastened,0.99594194,0.003983173,7.491826e-05,seatbelt_fastened
65b4bc0945b35d21b983e1776260f77a_box_0.jpg,seatbelt_fastened,0.4500831,0.54798,0.0019369089,seatbelt_unfastened
65d75f470652593bb4f1af251401e86b_box_0.jpg,seatbelt_fastened,0.99831784,0.0006728232,0.0010093119,seatbelt_fastened
66312befa4a95388bfc69bfcb90f6a01_box_0.jpg,seatbelt_fastened,0.61234397,0.38612768,0.00152831,seatbelt_fastened
6646029c135252f0b39609b2caa9533a_box_0.jpg,seatbelt_fastened,0.87791395,4.8319973e-05,0.122037716,seatbelt_fastened
667225e993b65ca7a66f8b43d5b435a3_box_0.jpg,seatbelt_fastened,0.9995197,0.00047999618,3.4564385e-07,seatbelt_fastened
68de40c7dbb45449998baf02d9ae1787_box_0.jpg,seatbelt_fastened,0.99993026,1.7335264e-05,5.244411e-05,seatbelt_fastened
6a184f9b10b9589b896d0569b2d7e1df_box_0.jpg,seatbelt_fastened,0.9882571,0.0019890147,0.009753901,seatbelt_fastened
6ad671a8f2c856bfa5297f4c60f11431_box_0.jpg,seatbelt_fastened,0.611207,0.3841438,0.0046492363,seatbelt_fastened
6b1bc5251c6c561bb82b662c33249bcb_box_0.jpg,seatbelt_fastened,0.8034689,0.19618155,0.00034957155,seatbelt_fastened
6c1d7c877b2e5ec78bfb08f1ef1cd623_box_0.jpg,seatbelt_fastened,0.38713962,0.611631,0.0012294609,seatbelt_unfastened
6c804585b25f572d81f9d49e3346d4b0_box_0.jpg,seatbelt_fastened,0.99991965,1.8886384e-08,8.0366786e-05,seatbelt_fastened
6e2e3501b37e53258574cecd12e95828_box_0.jpg,seatbelt_fastened,0.9653367,0.0075649205,0.027098391,seatbelt_fastened
7062563a939b57d6863f55a24755d5e7_box_0.jpg,seatbelt_fastened,0.66323,0.33455133,0.0022186849,seatbelt_fastened
71203db70d815101a4fdf519286647d0_box_0.jpg,seatbelt_fastened,0.9999697,4.701302e-09,3.0334159e-05,seatbelt_fastened
729b7bce291c531ba56e6655ae9b954a_box_0.jpg,seatbelt_fastened,0.7610601,0.23262617,0.0063136895,seatbelt_fastened
72e2ef9eca385ce2a5dfe83c887ddf17_box_0.jpg,seatbelt_fastened,0.39172864,0.6059751,0.0022962675,seatbelt_unfastened
735ad4b1ede5588882118ab7c2b9c418_box_0.jpg,seatbelt_fastened,0.8166599,0.1830233,0.00031677814,seatbelt_fastened
7363155f1ada5c7899ba9308a79d9da1_box_0.jpg,seatbelt_fastened,0.99999344,2.687033e-06,3.867903e-06,seatbelt_fastened
740b2e73da5a580aa7cb16ee08bdc5a2_box_0.jpg,seatbelt_fastened,0.99640983,4.3428946e-07,0.003589705,seatbelt_fastened
75bcb6f95d70541f9133767748d73bb4_box_0.jpg,seatbelt_fastened,0.9915766,8.650345e-06,0.008414807,seatbelt_fastened
75f40910a40750eb8e79d0c58190a927_box_0.jpg,seatbelt_fastened,0.98650813,0.007592725,0.0058991867,seatbelt_fastened
761095b6acb05a4eb16354c6733b8d81_box_0.jpg,seatbelt_fastened,0.9955183,9.280519e-06,0.0044723935,seatbelt_fastened
79586d314f2e5859823cf89fee44c8b4_box_0.jpg,seatbelt_fastened,0.9475161,0.043726772,0.008757122,seatbelt_fastened
7a520e903b55532480b80e028676e5c8_box_0.jpg,seatbelt_fastened,0.9400664,0.056365225,0.0035683122,seatbelt_fastened
7b694f5acfa353f4aa34fe1066cd2f00_box_0.jpg,seatbelt_fastened,0.9999987,2.358327e-08,1.3350141e-06,seatbelt_fastened
7bcf0b71fc7652b79084b382af45c65f_box_0.jpg,seatbelt_fastened,0.9999895,2.1288556e-06,8.384258e-06,seatbelt_fastened
7d8abb9ed733582b96ed5b1070ca408c_box_0.jpg,seatbelt_fastened,0.32674935,0.67303735,0.00021336884,seatbelt_unfastened
7e9f285c6c6b5431b0f89a5bdbdde279_box_0.jpg,seatbelt_fastened,0.999887,1.6437066e-07,0.0001128941,seatbelt_fastened
7f59bd7d8fd857499ce2a1b03f6b9bde_box_0.jpg,seatbelt_fastened,0.32668713,0.6726113,0.00070159126,seatbelt_unfastened
7ff5e6c8c06a585ab01a3596955172a2_box_0.jpg,seatbelt_fastened,0.99997485,9.041706e-09,2.5115458e-05,seatbelt_fastened
8149eb0c0cf65cce8946ecc545e57dd8_box_0.jpg,seatbelt_fastened,0.96682435,0.029114114,0.004061554,seatbelt_fastened
840b891f4f3b5f9daac73e1c37b7d3a9_box_0.jpg,seatbelt_fastened,0.9999752,3.5960515e-08,2.4784305e-05,seatbelt_fastened
844fc300d5a75a129d007364349d7e63_box_0.jpg,seatbelt_fastened,0.38786656,0.58760774,0.024525749,seatbelt_unfastened
84a33569c6255eb3a0b460f878c0c7c2_box_0.jpg,seatbelt_fastened,0.99955744,0.000103316095,0.00033925154,seatbelt_fastened
84f312a5cab158f48820523bbc56876a_box_0.jpg,seatbelt_fastened,0.05447004,0.9436893,0.0018406672,seatbelt_unfastened
863128bcf9235cb9b0ba83087c38ed0a_box_0.jpg,seatbelt_fastened,0.99971503,0.00019051392,9.434047e-05,seatbelt_fastened
86ab862482cf597c81e33895c8033d35_box_0.jpg,seatbelt_fastened,0.9999852,1.40136995e-08,1.4795878e-05,seatbelt_fastened
875c07583de45dbcb65ba9b2be6c3a15_box_0.jpg,seatbelt_fastened,0.9935049,0.005864066,0.00063098967,seatbelt_fastened
884be14f144e50f7802e583c744669d9_box_0.jpg,seatbelt_fastened,0.9999999,6.268735e-12,1.1646717e-07,seatbelt_fastened
888d9d142525541e8238ddb1d65b9f94_box_0.jpg,seatbelt_fastened,0.99991333,7.5397907e-07,8.594033e-05,seatbelt_fastened
88dbfbf89cdc5fb2bc8a3fff5419b247_box_0.jpg,seatbelt_fastened,0.99967587,1.3874425e-06,0.00032277068,seatbelt_fastened
8aa33c5667b75d6797dc2a5edef92392_box_0.jpg,seatbelt_fastened,0.58320993,0.41483638,0.001953663,seatbelt_fastened
8af06cf716cb5aa7b29c7909404a103b_box_0.jpg,seatbelt_fastened,1.0,9.9438784e-11,5.0088666e-08,seatbelt_fastened
8bf3e5025b0a592db5f08f93ee4dbf3e_box_0.jpg,seatbelt_fastened,0.9999949,2.875026e-07,4.920171e-06,seatbelt_fastened
8bfe146f658f5cb2819b86a81cbe629b_box_0.jpg,seatbelt_fastened,0.99728096,0.00093631964,0.0017827045,seatbelt_fastened
8d9fc739dc9c537d810388ef24e721f1_box_0.jpg,seatbelt_fastened,0.9999912,1.0887177e-06,7.75065e-06,seatbelt_fastened
8ee929ef2682577ca0f2dff56c11ad3b_box_0.jpg,seatbelt_fastened,0.999948,4.9992508e-05,2.0127736e-06,seatbelt_fastened
900d7214f31c55199122f5ecfaf8230c_box_0.jpg,seatbelt_fastened,0.9909899,0.005374093,0.0036359623,seatbelt_fastened
905accf2e0535763902ba00cdf96225a_box_0.jpg,seatbelt_fastened,0.99999964,2.1053856e-08,3.1864573e-07,seatbelt_fastened
91310627078f5cb1a7a86fd18972a2bc_box_0.jpg,seatbelt_fastened,0.73512465,0.26355612,0.0013192589,seatbelt_fastened
92b8f867c0ed55468d28c5ee74b08f53_box_0.jpg,seatbelt_fastened,0.99838006,0.0014167799,0.0002031347,seatbelt_fastened
9367a94df76052d892a4fda5397adab4_box_0.jpg,seatbelt_fastened,0.99956113,0.00043139237,7.5572343e-06,seatbelt_fastened
95896c0f4e6b542dadc9a49ae5917704_box_0.jpg,seatbelt_fastened,0.9952964,1.10275046e-07,0.0047035054,seatbelt_fastened
95944984b7715cee91d04402942e235a_box_0.jpg,seatbelt_fastened,1.0,1.6981139e-15,3.1263598e-12,seatbelt_fastened
960808c26d805fcb91631b00f80e86d4_box_0.jpg,seatbelt_fastened,0.6421946,0.35770953,9.5756724e-05,seatbelt_fastened
9720f74a6c48502a92495fe900e63da2_box_0.jpg,seatbelt_fastened,0.9947877,0.0051176036,9.462981e-05,seatbelt_fastened
972a5184f8d159928710a5b502b45ef1_box_0.jpg,seatbelt_fastened,0.9988673,3.512756e-05,0.0010976081,seatbelt_fastened
97719ca4ae7a52faa9a36e8910d01152_box_0.jpg,seatbelt_fastened,0.9999957,5.8965255e-09,4.328928e-06,seatbelt_fastened
9800f3c2e0465d239a1e05a115ef9a8f_box_0.jpg,seatbelt_fastened,0.99923396,0.0007235686,4.2571934e-05,seatbelt_fastened
980fa19ab9e5532e9f7c176edc583aa6_box_0.jpg,seatbelt_fastened,0.99999297,5.4994834e-06,1.5688406e-06,seatbelt_fastened
9928abe7d3a850b191d4edb4f7379b2f_box_0.jpg,seatbelt_fastened,0.99856853,5.590568e-07,0.0014308929,seatbelt_fastened
995b4be4777b5916b0a76ec1dd754026_box_0.jpg,seatbelt_fastened,1.0,5.577843e-10,5.177672e-08,seatbelt_fastened
99a2e66ac3425506a1dca06a6daaeac6_box_0.jpg,seatbelt_fastened,0.9962639,0.0011177397,0.0026183901,seatbelt_fastened
99a4ce56f3b051418b9d6da71ae3f16b_box_0.jpg,seatbelt_fastened,0.13311803,0.866282,0.0005999758,seatbelt_unfastened
9b50146d38ee54a9a67a37171d0c31d5_box_0.jpg,seatbelt_fastened,0.99995244,4.656001e-05,8.9625996e-07,seatbelt_fastened
9c26a15aae7b59deba9bd970d39ebff4_box_0.jpg,seatbelt_fastened,0.9319399,0.066449486,0.0016106723,seatbelt_fastened
9c2e0d7ccbc45d7b925b3e1af025a666_box_0.jpg,seatbelt_fastened,0.9999964,1.829102e-07,3.2866255e-06,seatbelt_fastened
9c4539a6a50f52f7be8680acf2046f15_box_0.jpg,seatbelt_fastened,0.9429192,0.0020662756,0.055014636,seatbelt_fastened
9e107196f681516ebb011c73c84890c7_box_0.jpg,seatbelt_fastened,0.55349594,0.44341516,0.0030889062,seatbelt_fastened
9f486ddd55cb55ec85c5131b972d3d3b_box_0.jpg,seatbelt_fastened,0.613354,0.38646415,0.00018186687,seatbelt_fastened
a054da5c85935390826a7ad91ef802dc_box_0.jpg,seatbelt_fastened,0.99999917,7.1305664e-08,6.5711e-07,seatbelt_fastened
a0ffae4a7d77579690ab696a6f5f93a6_box_0.jpg,seatbelt_fastened,1.0,1.5580154e-15,4.3076563e-11,seatbelt_fastened
a18c2ad489d25ff6b0fccf2045de5838_box_0.jpg,seatbelt_fastened,0.9842631,3.986485e-10,0.015736867,seatbelt_fastened
a1da38a22f175cf490e1e965300cfc32_box_0.jpg,seatbelt_fastened,0.94600654,0.053926375,6.70482e-05,seatbelt_fastened
a21b295a838c5d068c669d459f7b5967_box_0.jpg,seatbelt_fastened,0.00044770745,0.99778986,0.0017623663,seatbelt_unfastened
a2bc96c678495de285551faf46a7f200_box_0.jpg,seatbelt_fastened,1.0,1.3324132e-10,7.2115256e-09,seatbelt_fastened
a2d9c9d1de8e5885a7fad6ec73ef1824_box_0.jpg,seatbelt_fastened,0.9951799,0.004819168,9.010897e-07,seatbelt_fastened
a337f124a528512288ca8dfd302f91c2_box_0.jpg,seatbelt_fastened,0.73939943,0.2544048,0.006195738,seatbelt_fastened
a35aa37024245b879cdc22bfb1fcd9f9_box_0.jpg,seatbelt_fastened,0.9999995,1.2773492e-07,3.4918438e-07,seatbelt_fastened
a71eb8c8ca8b59b19e8677fa65354915_box_0.jpg,seatbelt_fastened,0.9998822,0.00011598724,1.7841065e-06,seatbelt_fastened
a79c34566aa051d38c1d72afd7bf2d61_box_0.jpg,seatbelt_fastened,0.5297799,0.4683841,0.0018359732,seatbelt_fastened
a8646274f77e525abedefee402151286_box_0.jpg,seatbelt_fastened,0.9988955,0.0009502234,0.00015423346,seatbelt_fastened
a9253069bec0583a8548f474db930864_box_0.jpg,seatbelt_fastened,0.99701214,0.00015922668,0.002828528,seatbelt_fastened
aa22a3c971fe501eb0572d109b9311e0_box_0.jpg,seatbelt_fastened,0.92295986,0.07372203,0.0033180178,seatbelt_fastened
abd2edc113525ad99506dbaa6b1e3975_box_0.jpg,seatbelt_fastened,0.9674069,0.0023031086,0.030289922,seatbelt_fastened
ae17660fcd9d50ca85fcfce61c6588b6_box_0.jpg,seatbelt_fastened,0.891671,0.10773989,0.0005891197,seatbelt_fastened
ae27dacf5b345cb0a1b59535010b5504_box_0.jpg,seatbelt_fastened,0.99886644,1.9659168e-05,0.0011139371,seatbelt_fastened
b070142268c350eda4d884873e9be99a_box_0.jpg,seatbelt_fastened,0.98860383,0.011002519,0.00039356752,seatbelt_fastened
b0f3c76be71a5057bf459509bc981fed_box_0.jpg,seatbelt_fastened,0.969116,0.0019308963,0.028953021,seatbelt_fastened
b11ec490860e507f93bf66c042466402_box_0.jpg,seatbelt_fastened,0.99987316,1.5308855e-05,0.000111528585,seatbelt_fastened
b2147cfbefe950d8ad595da1d7ee93e0_box_0.jpg,seatbelt_fastened,0.9988487,3.8273105e-09,0.0011512926,seatbelt_fastened
b23f9a4883d45a27aa3a766d30124919_box_0.jpg,seatbelt_fastened,0.5720914,0.42623428,0.0016742606,seatbelt_fastened
b2a49633b6605558a0ac743c94cc10f0_box_0.jpg,seatbelt_fastened,0.9569813,0.018787855,0.024230827,seatbelt_fastened
b3a6ae47899650f9b1b699362b7022c0_box_0.jpg,seatbelt_fastened,0.9990081,0.00015616737,0.0008357694,seatbelt_fastened
b4324f01486654af9bf444112dd0acb8_box_0.jpg,seatbelt_fastened,0.82029706,0.17711858,0.0025842923,seatbelt_fastened
b4d0aa7e21855c0485f36c7062dcbf0c_box_0.jpg,seatbelt_fastened,1.0,3.0344316e-10,1.1165706e-11,seatbelt_fastened
b4fe3736f17e597c8f0269d3e1c3339c_box_0.jpg,seatbelt_fastened,0.9992995,3.4600995e-05,0.000665895,seatbelt_fastened
b506ae0243565e1d8b54c7a9c738f8ae_box_0.jpg,seatbelt_fastened,0.9992785,0.00010761656,0.0006139405,seatbelt_fastened
b57e3472dba059afb787cecb20afea54_box_0.jpg,seatbelt_fastened,0.98106706,0.011759221,0.0071737734,seatbelt_fastened
b5ad02fc08c1558c991d18dfb62aed5d_box_0.jpg,seatbelt_fastened,0.7816936,0.21245798,0.00584842,seatbelt_fastened
b5c133f933ca522aa6e756f40d8ba3b9_box_0.jpg,seatbelt_fastened,0.99989057,8.061961e-05,2.8836774e-05,seatbelt_fastened
b62a009c0171515e8d5ded9554367d69_box_0.jpg,seatbelt_fastened,0.29183862,0.7062099,0.0019515096,seatbelt_unfastened
b721822644b156fe94af4700f461a713_box_0.jpg,seatbelt_fastened,0.99897504,0.0010236109,1.4692159e-06,seatbelt_fastened
b7828cffc04853958ac525554f7d3d0f_box_0.jpg,seatbelt_fastened,0.82600087,0.17077187,0.003227252,seatbelt_fastened
b818845df9c55596ad4ed0c2cc63306c_box_0.jpg,seatbelt_fastened,0.97956663,0.020368138,6.530512e-05,seatbelt_fastened
b91a750e535a5375ad27abe18690353f_box_0.jpg,seatbelt_fastened,0.99951994,0.00038923477,9.0842135e-05,seatbelt_fastened
ba187b5d9da65b6f934d7ecbf06d6463_box_0.jpg,seatbelt_fastened,0.59603053,0.40255967,0.0014097329,seatbelt_fastened
baa6c68a38c3508780df9654fcfea3af_box_0.jpg,seatbelt_fastened,0.9999635,8.510663e-06,2.8042514e-05,seatbelt_fastened
bad51a309069516d9625e3550074d68d_box_0.jpg,seatbelt_fastened,0.9708651,0.0006971713,0.028437762,seatbelt_fastened
bb251ccea2545dfda01c665a503a5e20_box_0.jpg,seatbelt_fastened,0.9921697,0.00020981906,0.0076205162,seatbelt_fastened
bed21757500654708e884f3d14193336_box_0.jpg,seatbelt_fastened,0.9659534,7.585557e-05,0.033970654,seatbelt_fastened
bf0ab258c6c2586a87db4ee84f35a410_box_0.jpg,seatbelt_fastened,0.86113745,0.13814002,0.00072248484,seatbelt_fastened
bf18807ec91e538ea44ed9450a685333_box_0.jpg,seatbelt_fastened,0.98852646,9.714592e-05,0.011376426,seatbelt_fastened
bf5019f98cab5b059f2d55d52cb83aa9_box_0.jpg,seatbelt_fastened,0.5718732,0.42778876,0.00033806512,seatbelt_fastened
bfe8862cd1995f389dd1a504c4de6632_box_0.jpg,seatbelt_fastened,0.259292,0.73866636,0.0020416589,seatbelt_unfastened
c05f4aca4aba58d9a21269ce024d8980_box_0.jpg,seatbelt_fastened,0.999982,1.7507391e-05,5.3411105e-07,seatbelt_fastened
c0d9380e66fa5cb6a42366fec21f437a_box_0.jpg,seatbelt_fastened,1.0,8.556249e-11,2.021882e-08,seatbelt_fastened
c11d7178d0b65d9386477cb2b977263f_box_0.jpg,seatbelt_fastened,0.76166767,0.2190816,0.019250711,seatbelt_fastened
c1587441400452b09424eace9585c7bb_box_0.jpg,seatbelt_fastened,0.30388355,0.6845723,0.011544095,seatbelt_unfastened
c16c03516c63589aaa84eae68baa6b72_box_0.jpg,seatbelt_fastened,0.49773115,0.5011857,0.0010831874,seatbelt_unfastened
c1f97f801e6d5af79fdebf2c55aa43d3_box_0.jpg,seatbelt_fastened,0.997405,9.277775e-07,0.0025940223,seatbelt_fastened
c232bc8dc45f5eb99b465cf0dc1c39d5_box_0.jpg,seatbelt_fastened,0.4957463,0.4967938,0.0074598705,seatbelt_unfastened
c2a9ba205a535e33984063643c4fe54f_box_0.jpg,seatbelt_fastened,0.9999577,3.7818038e-05,4.5414267e-06,seatbelt_fastened
c388eb4661505de79b3efda8eafc1b8f_box_0.jpg,seatbelt_fastened,0.9804088,0.0066968207,0.012894359,seatbelt_fastened
c44a1c988aa75e0188bcb210b0101ec6_box_0.jpg,seatbelt_fastened,0.25859267,0.7412901,0.000117172225,seatbelt_unfastened
c4e23823b919585ebae1d7291b2dcbe7_box_0.jpg,seatbelt_fastened,0.5350973,0.46266907,0.0022335995,seatbelt_fastened
c4eb469217055afdb589fc7800b407c6_box_0.jpg,seatbelt_fastened,0.99361527,0.002991097,0.0033936782,seatbelt_fastened
c5136b41f5625046ab42d052a3a5e984_box_0.jpg,seatbelt_fastened,0.7219716,0.27744403,0.0005843891,seatbelt_fastened
c5f6e9417a6053ffbbd5444ac809cd87_box_0.jpg,seatbelt_fastened,0.67107683,0.32768327,0.0012398753,seatbelt_fastened
c6316cef59e7564587e8ab8e105ac5a8_box_0.jpg,seatbelt_fastened,0.99717087,0.0028243582,4.726561e-06,seatbelt_fastened
c6e4c4bc28e957b0af30ad8997bad195_box_0.jpg,seatbelt_fastened,0.2980981,0.7014806,0.0004211879,seatbelt_unfastened
c70810363efa57aba342d38d4fc9af41_box_0.jpg,seatbelt_fastened,0.99100906,0.0047973483,0.0041936836,seatbelt_fastened
ca136ace3b45583780a0d43636c3f228_box_0.jpg,seatbelt_fastened,0.9890394,0.01094664,1.3876991e-05,seatbelt_fastened
ca6b48a4ad385975aa85dee73e7fe43d_box_0.jpg,seatbelt_fastened,0.9916061,0.008020283,0.00037349068,seatbelt_fastened
cb1b1fba43e456d6b4c1cf76ca14b36f_box_0.jpg,seatbelt_fastened,0.5633319,0.43015203,0.0065160696,seatbelt_fastened
cb1f4ba4d2c156d98bec52516e9a6674_box_0.jpg,seatbelt_fastened,0.6731555,0.32582542,0.00101914,seatbelt_fastened
cb20f08386805830967489c7193ed00e_box_0.jpg,seatbelt_fastened,0.5552099,0.4440897,0.00070035394,seatbelt_fastened
cb58cd7f23c8599daeaa55b42e52bc0f_box_0.jpg,seatbelt_fastened,0.9939761,0.0052536917,0.0007702131,seatbelt_fastened
cbb33d852078587895375a51aa5a2d81_box_0.jpg,seatbelt_fastened,0.99998283,1.3151314e-05,4.0066693e-06,seatbelt_fastened
cc735afb09d059a8b1bd76aadf7ea980_box_0.jpg,seatbelt_fastened,0.99832433,0.001613698,6.1961e-05,seatbelt_fastened
ccfdd232367d5ac4bd5185d215cb6c7d_box_0.jpg,seatbelt_fastened,0.9999865,2.3003885e-08,1.3426926e-05,seatbelt_fastened
cd7daf9c2c4b596682f4476cb320195a_box_0.jpg,seatbelt_fastened,1.0,5.6226035e-12,6.136388e-10,seatbelt_fastened
cd7daf9c2c4b596682f4476cb320195a_box_1.jpg,seatbelt_fastened,0.99999964,2.5721327e-09,3.152017e-07,seatbelt_fastened
cdb457201905515bbae2a206ca941168_box_0.jpg,seatbelt_fastened,0.07772371,0.92053276,0.0017434763,seatbelt_unfastened
ce28f70707f15cbf898f84dcce73f0f9_box_0.jpg,seatbelt_fastened,0.9999541,2.631266e-06,4.3227683e-05,seatbelt_fastened
cf628410f2ac570ea34b98d842bc53a9_box_0.jpg,seatbelt_fastened,0.999476,0.0002755862,0.00024847942,seatbelt_fastened
d01c6681f9565eb2b8a0803d5e33b72d_box_0.jpg,seatbelt_fastened,0.4062389,0.5907144,0.0030466511,seatbelt_unfastened
d01f747081b65838ad3294bbc32ba868_box_0.jpg,seatbelt_fastened,0.8333919,0.16309822,0.0035098318,seatbelt_fastened
d2e99e13623c5305aae0ee2a03696d92_box_0.jpg,seatbelt_fastened,0.9999709,1.1241343e-06,2.7998894e-05,seatbelt_fastened
d34e7ed4df575c388a734f51382e6da9_box_0.jpg,seatbelt_fastened,0.8828547,0.11356511,0.0035802068,seatbelt_fastened
d3b5ab63fd5455df91cecbab5063673a_box_0.jpg,seatbelt_fastened,0.7830714,0.2139926,0.002935917,seatbelt_fastened
d4cf38d9116e5c01b087ade96dc2df7c_box_0.jpg,seatbelt_fastened,0.9919419,0.0002736505,0.007784378,seatbelt_fastened
d5a41ee80a695f93a4d75b62a508924f_box_0.jpg,seatbelt_fastened,0.9778178,0.022124486,5.7649882e-05,seatbelt_fastened
d6a3b7cd3a5c5c00813fd2ff9cc8fbd0_box_0.jpg,seatbelt_fastened,0.7748224,0.22433405,0.0008435442,seatbelt_fastened
d7653597d8f85c01aa499e93a4fc1ea2_box_0.jpg,seatbelt_fastened,0.9956409,0.004251131,0.00010806032,seatbelt_fastened
d97c20c4e01a550abfcca624dbefe1e1_box_0.jpg,seatbelt_fastened,0.71116215,0.26580277,0.023035018,seatbelt_fastened
d98943872fc95d2984a3e488ce23d5b6_box_0.jpg,seatbelt_fastened,0.9573452,0.0098093385,0.032845438,seatbelt_fastened
da54d2459458520ca74a0fb365c04fd8_box_0.jpg,seatbelt_fastened,0.0051631485,0.9942174,0.0006193855,seatbelt_unfastened
da76682e8732542692633c24f1bc8294_box_0.jpg,seatbelt_fastened,0.9994136,0.0005124065,7.397668e-05,seatbelt_fastened
db87e090341759199a07519bef3f1c61_box_0.jpg,seatbelt_fastened,0.9532307,0.000117178715,0.046652235,seatbelt_fastened
dbda2d0c189e5d7c9a973d9f375361f3_box_0.jpg,seatbelt_fastened,0.78050387,0.21913442,0.00036177415,seatbelt_fastened
dc6c828d0a7754d5ae2409a464be9ba3_box_0.jpg,seatbelt_fastened,0.99997866,5.5422644e-09,2.129002e-05,seatbelt_fastened
dcb8f2f25560522b9a1216e0e801fc8e_box_0.jpg,seatbelt_fastened,0.7562436,0.24166371,0.0020926723,seatbelt_fastened
dcbb6d64aa655ba489c834f6d6ea44b3_box_0.jpg,seatbelt_fastened,0.99580103,0.00078705326,0.0034119538,seatbelt_fastened
ddbfd11ba89a5856a8badf291d2051d6_box_0.jpg,seatbelt_fastened,0.9999999,8.631926e-08,9.816366e-09,seatbelt_fastened
df26a724daa85164b03da572d27d972d_box_0.jpg,seatbelt_fastened,0.998338,0.0004160122,0.0012459478,seatbelt_fastened
df702c0661615712882570f2b43d8f56_box_0.jpg,seatbelt_fastened,0.9717605,0.001169535,0.027069936,seatbelt_fastened
dffc302616665ccb96d2cd202ed2dda9_box_0.jpg,seatbelt_fastened,0.4865731,0.51284945,0.00057735574,seatbelt_unfastened
e1531fa186aa5c60a74ae0c00872c25b_box_0.jpg,seatbelt_fastened,0.98708355,5.435624e-05,0.012862061,seatbelt_fastened
e1c8e256d6705c0d95c321b6a0592822_box_0.jpg,seatbelt_fastened,0.9943678,0.00054302876,0.0050891815,seatbelt_fastened
e1df74e2e1fa57e8930df8291728d9bc_box_0.jpg,seatbelt_fastened,0.9999703,9.4900446e-07,2.8776187e-05,seatbelt_fastened
e2e2cc10e92358d78027b3f49393931f_box_0.jpg,seatbelt_fastened,0.9981864,0.0017894754,2.414236e-05,seatbelt_fastened
e2f8172a0f6f51d99121930b2fac75b5_box_0.jpg,seatbelt_fastened,0.7660001,0.2328472,0.001152796,seatbelt_fastened
e3fc890a76435059b26f54c9991db115_box_0.jpg,seatbelt_fastened,0.09887256,0.89959055,0.0015369204,seatbelt_unfastened
e474987a62a95ee7a66db7d0b69af292_box_0.jpg,seatbelt_fastened,0.9994671,0.0002969711,0.00023587466,seatbelt_fastened
e498d4973f1b543687d9864fda263e98_box_0.jpg,seatbelt_fastened,0.9999995,4.9102575e-09,4.2843516e-07,seatbelt_fastened
e7398ba637ab51afa7d172ee8d4ff825_box_0.jpg,seatbelt_fastened,0.17420678,0.8253088,0.00048442197,seatbelt_unfastened
e73fdfcd4b905baeb242d2e33eb21e23_box_0.jpg,seatbelt_fastened,0.6852855,0.17974102,0.13497345,seatbelt_fastened
e774544eaf6c529f8ac4574494fbf9ce_box_0.jpg,seatbelt_fastened,0.80598783,0.1886731,0.0053390386,seatbelt_fastened
e8423a335b485dda94495dfd290293ff_box_0.jpg,seatbelt_fastened,0.90389097,2.4759947e-07,0.096108824,seatbelt_fastened
e8c5aad752e954b69046a7d5ab93b19a_box_0.jpg,seatbelt_fastened,0.7418446,0.25330147,0.0048539178,seatbelt_fastened
ea70223d51325a2bb607efd31fb2da83_box_0.jpg,seatbelt_fastened,0.99999833,1.996364e-09,1.6666962e-06,seatbelt_fastened
eb2eb18fe3875531abf20a90aed3792e_box_0.jpg,seatbelt_fastened,0.9819319,0.017311297,0.00075680483,seatbelt_fastened
eb5b678320145623ac6619182523ba00_box_0.jpg,seatbelt_fastened,0.9994368,1.5737918e-05,0.0005474968,seatbelt_fastened
eba12ee543ee5d6bab42fef9bece7dc4_box_0.jpg,seatbelt_fastened,0.85017353,0.14576106,0.004065444,seatbelt_fastened
ebad2557f9215426b294d5027022e38e_box_0.jpg,seatbelt_fastened,0.9994723,0.00016967823,0.00035799952,seatbelt_fastened
ebc54b756eeb51f9906e9e6aa23ba7cd_box_0.jpg,seatbelt_fastened,0.6279967,0.3706858,0.0013174847,seatbelt_fastened
ec7e1c107728509f9c13cfab21c56d79_box_0.jpg,seatbelt_fastened,0.867112,0.08216641,0.050721496,seatbelt_fastened
ecde44a100d752d9ba3e181f7e328b50_box_0.jpg,seatbelt_fastened,0.46389717,0.5319841,0.004118785,seatbelt_unfastened
ed0213057d1d5d739e449ea672fc9432_box_0.jpg,seatbelt_fastened,0.99992025,3.9998577e-05,3.9672737e-05,seatbelt_fastened
ee417b03454e5a5a9a533265b228fa51_box_0.jpg,seatbelt_fastened,1.0,1.3432516e-08,1.2206488e-08,seatbelt_fastened
eeb5f3d1014251049bf7f8a21b1c202b_box_0.jpg,seatbelt_fastened,0.92684275,0.029318865,0.043838482,seatbelt_fastened
ef6fee8250af5adda1d2344176cb3180_box_0.jpg,seatbelt_fastened,0.96239465,0.037572075,3.323334e-05,seatbelt_fastened
efe4da39412356a89c66dcd19c35be57_box_0.jpg,seatbelt_fastened,0.9682381,0.023920903,0.007840866,seatbelt_fastened
efe766fece585bb18832ab2467a18c0a_box_0.jpg,seatbelt_fastened,0.99295104,0.006879591,0.00016942466,seatbelt_fastened
f073817f184d59d2bccc320e25b3f327_box_0.jpg,seatbelt_fastened,0.9975841,0.0019040405,0.0005118594,seatbelt_fastened
f1d860d29f075f2a8829bbb1bbc0c0fc_box_0.jpg,seatbelt_fastened,0.99980134,0.00014822453,5.038091e-05,seatbelt_fastened
f3eea3a407ad5af9926fc60e97213cb3_box_0.jpg,seatbelt_fastened,0.13936746,0.8592828,0.0013498131,seatbelt_unfastened
f525702eea4e5a8ca7abfa19645bb2d7_box_0.jpg,seatbelt_fastened,0.9999715,4.820475e-07,2.7987273e-05,seatbelt_fastened
f54c4df3b0b15bc1b61d420b7ddb1808_box_0.jpg,seatbelt_fastened,0.9067481,0.09286435,0.00038755656,seatbelt_fastened
f61cea0252fc58859bb86cf25f2dc337_box_0.jpg,seatbelt_fastened,0.9017981,0.049076226,0.049125604,seatbelt_fastened
f9f91977d42c5e7bbf64a1a6518c833a_box_0.jpg,seatbelt_fastened,0.58630586,0.40723932,0.006454841,seatbelt_fastened
fc24e73dda455fa8b631c1707f0c66e8_box_0.jpg,seatbelt_fastened,0.99995863,3.843154e-05,3.0377057e-06,seatbelt_fastened
fc2ec2f41bdf5b9a8cbe96d754905b20_box_0.jpg,seatbelt_fastened,0.98662716,0.008389698,0.0049831406,seatbelt_fastened
fc6df26f1eb655c49220a9ee2769ceca_box_0.jpg,seatbelt_fastened,0.999984,1.4636543e-05,1.3080726e-06,seatbelt_fastened
fca09350c0da5f0ba6ef6e95a1503f3f_box_0.jpg,seatbelt_fastened,1.0,2.1599156e-15,1.2492832e-12,seatbelt_fastened
fca7a0025bcc5131ac1ba16a87b1fc9f_box_0.jpg,seatbelt_fastened,0.39901584,5.707584e-07,0.60098356,uncertain_or_occluded
fda4e875abb0578fb50df97f998b3c6e_box_0.jpg,seatbelt_fastened,0.9339394,0.056226544,0.009834007,seatbelt_fastened
ff59cb72cdc958be828e5923158dfd8b_box_0.jpg,seatbelt_fastened,0.99301976,0.006953172,2.7054033e-05,seatbelt_fastened
ffaaf15f8a8c5e74bb269037e40a4c49_box_0.jpg,seatbelt_fastened,0.13128401,0.86720085,0.0015151557,seatbelt_unfastened
ffbfe9b61e9e5bcea915d89c613f83d2_box_0.jpg,seatbelt_fastened,0.9607277,0.034277648,0.004994624,seatbelt_fastened
003e8940e018560c9a4a7175e2a0fac3_box_0.jpg,seatbelt_unfastened,0.01140456,0.98855793,3.750822e-05,seatbelt_unfastened
0156d9e77ef35e289aa3aa47e00a42e7_box_0.jpg,seatbelt_unfastened,0.001228259,0.99877137,3.1053884e-07,seatbelt_unfastened
015b6ac2cbab5abf8b5852f89abff83b_box_0.jpg,seatbelt_unfastened,0.8108987,0.17304905,0.01605222,seatbelt_fastened
01793edf012c590d9239731a02ff34f4_box_0.jpg,seatbelt_unfastened,0.062466964,0.9371987,0.0003342266,seatbelt_unfastened
01b0b355876c5e8fae850bda430d75b5_box_0.jpg,seatbelt_unfastened,0.00069923763,0.99759173,0.0017090593,seatbelt_unfastened
028388fa8447506085525e9c9de66bac_box_0.jpg,seatbelt_unfastened,0.9768446,0.018360212,0.0047952263,seatbelt_fastened
03cd05f77067565faef5a577f76f410a_box_0.jpg,seatbelt_unfastened,0.98943806,0.010043693,0.00051829446,seatbelt_fastened
03e1ef0462105729ad1f4a7b7a38cc4b_box_0.jpg,seatbelt_unfastened,0.008844887,0.9902064,0.0009486568,seatbelt_unfastened
05499272ce60506a876afd1210d85671_box_0.jpg,seatbelt_unfastened,0.52716744,0.47280297,2.959539e-05,seatbelt_fastened
061c0f0197635cd0919ad5b93c29ab0f_box_0.jpg,seatbelt_unfastened,0.23473664,0.73711836,0.028145036,seatbelt_unfastened
0708bb0760e454f0a543197b0a639ffe_box_0.jpg,seatbelt_unfastened,1.0549457e-05,0.99980193,0.00018749878,seatbelt_unfastened
0712ab486b26554099f8a5d026686c86_box_0.jpg,seatbelt_unfastened,2.1272004e-05,0.99997795,8.005591e-07,seatbelt_unfastened
0935d0fa99745c56b98d33af4cb3d01e_box_0.jpg,seatbelt_unfastened,0.37892753,0.61728907,0.0037833683,seatbelt_unfastened
09f84a0567a65be6b0ebf9405efe169b_box_0.jpg,seatbelt_unfastened,4.341491e-06,0.9999944,1.3609209e-06,seatbelt_unfastened
0a0fd91242e559708ba837aedbe566c4_box_0.jpg,seatbelt_unfastened,2.5790181e-05,0.999974,2.8208893e-07,seatbelt_unfastened
0b754bf273f957719e1c35d054a31b46_box_0.jpg,seatbelt_unfastened,0.059743628,0.9396901,0.0005662642,seatbelt_unfastened
0ba3dc582f6a5711997bcb65c65243bf_box_0.jpg,seatbelt_unfastened,0.81361884,0.18561032,0.0007707858,seatbelt_fastened
0bb2ae7b008551cd9e8b34620e355616_box_0.jpg,seatbelt_unfastened,0.22976881,0.7700285,0.00020269309,seatbelt_unfastened
0e20cea2e13d584caf9c6098c49dc2fd_box_0.jpg,seatbelt_unfastened,0.061078954,0.9329416,0.0059793647,seatbelt_unfastened
0e834af37da65075b6f9e6836976e350_box_0.jpg,seatbelt_unfastened,0.00016589386,0.99907076,0.0007633104,seatbelt_unfastened
10adb8c543be56218a1482dcecd1e81c_box_0.jpg,seatbelt_unfastened,0.10097033,0.8990149,1.4741859e-05,seatbelt_unfastened
11b3b127bf6456c58f13bd737466562d_box_0.jpg,seatbelt_unfastened,1.6083393e-05,0.99891174,0.00107217,seatbelt_unfastened
12062e05def55ac499f4530d89cc827e_box_0.jpg,seatbelt_unfastened,0.04779855,0.9521751,2.642219e-05,seatbelt_unfastened
124195c855f2562b82e7dae805bef390_box_0.jpg,seatbelt_unfastened,0.17512213,0.824708,0.0001698953,seatbelt_unfastened
135c39ceef905005afeadd8d9c7c9ded_box_0.jpg,seatbelt_unfastened,0.43886557,0.5611264,8.007416e-06,seatbelt_unfastened
13607e4112e451bbadc499886cdbd3b7_box_0.jpg,seatbelt_unfastened,4.962023e-05,0.9999503,8.5601464e-08,seatbelt_unfastened
13af1dcc83295bea964d7f5dc59f9b7d_box_0.jpg,seatbelt_unfastened,0.92533153,0.074037634,0.0006309012,seatbelt_fastened
140871861c255403a6ab1fe557889ed0_box_0.jpg,seatbelt_unfastened,0.018692212,0.9809595,0.00034832463,seatbelt_unfastened
14db08a787c25ac3802e50441df21d0d_box_0.jpg,seatbelt_unfastened,0.32850912,0.65169144,0.01979938,seatbelt_unfastened
1589a8f044f458abb89a2bc7b4d638ea_box_0.jpg,seatbelt_unfastened,3.861549e-05,0.9999548,6.5395107e-06,seatbelt_unfastened
16922683bcb052d593c563128c0643f8_box_0.jpg,seatbelt_unfastened,0.07887798,0.9183742,0.0027478589,seatbelt_unfastened
175e424280e558d1bb5edda57f1fe367_box_0.jpg,seatbelt_unfastened,0.99881566,0.001163347,2.1100213e-05,seatbelt_fastened
17d8e755b68d5101918d741dda64fc94_box_0.jpg,seatbelt_unfastened,0.0493752,0.9505133,0.00011144092,seatbelt_unfastened
18da8fbf23cd54fd989a7ff1682bf592_box_0.jpg,seatbelt_unfastened,0.53225183,0.42726943,0.040478747,seatbelt_fastened
1a3c5eb9e58e5e53903a5e7b1eda94aa_box_0.jpg,seatbelt_unfastened,0.19669455,0.8026442,0.0006612437,seatbelt_unfastened
1aba54f8272358b5b132abef1c6bc39b_box_0.jpg,seatbelt_unfastened,5.019803e-05,0.9999441,5.6886456e-06,seatbelt_unfastened
1ad1136ca4325ff794dd95fb0862fc82_box_0.jpg,seatbelt_unfastened,0.082430534,0.91687185,0.0006976197,seatbelt_unfastened
1c66ab26833250a4afdcbc34bfd48090_box_0.jpg,seatbelt_unfastened,0.32329372,0.6739621,0.0027440686,seatbelt_unfastened
1d83831fadd95c3fb31c6538c7c2d9fa_box_0.jpg,seatbelt_unfastened,0.002187241,0.9978119,8.113568e-07,seatbelt_unfastened
208d8a7e5f57504686b229a22986119f_box_0.jpg,seatbelt_unfastened,5.332198e-07,0.99999905,5.21407e-07,seatbelt_unfastened
20fa6fdb41c351d8bfb7b126bce517d2_box_0.jpg,seatbelt_unfastened,2.5658126e-05,0.9999713,3.1329232e-06,seatbelt_unfastened
210c84fef5395745bf2d63b1955a0f9b_box_0.jpg,seatbelt_unfastened,0.6219177,0.28242296,0.09565922,seatbelt_fastened
218890a79ddb58dd892e1c38efad9382_box_0.jpg,seatbelt_unfastened,0.60862046,0.39020047,0.0011790782,seatbelt_fastened
21dcbd4e204d5a6181aa8e1c5c76fae4_box_0.jpg,seatbelt_unfastened,0.0017087866,0.99469006,0.0036011373,seatbelt_unfastened
2296db6589835a37b2a77f6aee9eb65e_box_0.jpg,seatbelt_unfastened,0.00049759285,0.9981256,0.0013768201,seatbelt_unfastened
22f26b67dc4a55fdb8ab4c0a8d217acb_box_0.jpg,seatbelt_unfastened,0.021308549,0.9785069,0.00018459292,seatbelt_unfastened
2329a3d122d950cc94b9a5e8bbbb5fd8_box_0.jpg,seatbelt_unfastened,0.00025161484,0.9997483,1.5171712e-07,seatbelt_unfastened
234f7c97fd865ec68e5e2574b85bcaca_box_0.jpg,seatbelt_unfastened,0.61026686,0.38964802,8.512823e-05,seatbelt_fastened
249aefb500705aee8b06bed2be61e979_box_0.jpg,seatbelt_unfastened,0.023150083,0.9768131,3.6770944e-05,seatbelt_unfastened
24b31dd3d3be529ca696d01a64504e43_box_0.jpg,seatbelt_unfastened,0.007163792,0.99276465,7.158679e-05,seatbelt_unfastened
2b28c460956a57d2ae2b83fcaef1ed1e_box_0.jpg,seatbelt_unfastened,0.01905496,0.980755,0.00019008711,seatbelt_unfastened
2c3666e0b9665a4bbc5cc2e57b04e7dc_box_0.jpg,seatbelt_unfastened,0.50468266,0.486745,0.008572301,seatbelt_fastened
32de63c098075baf8f9d33b618dbe810_box_0.jpg,seatbelt_unfastened,0.11288997,0.8864068,0.0007031833,seatbelt_unfastened
3443ba084d835360b34512588c919c01_box_0.jpg,seatbelt_unfastened,1.52123475e-05,0.99997306,1.1639155e-05,seatbelt_unfastened
353c65a7743553bfb73b2c6fec7d31ac_box_0.jpg,seatbelt_unfastened,0.107109435,0.8923342,0.0005563887,seatbelt_unfastened
35dbe710bfcc587b96e41daf8cf2bf3a_box_0.jpg,seatbelt_unfastened,0.66819894,0.33176085,4.0254203e-05,seatbelt_fastened
3603bc9f457a53df82fa245180d18245_box_0.jpg,seatbelt_unfastened,0.60979426,0.38736168,0.0028440643,seatbelt_fastened
3668ec4e626455b3aa3c3ebea8ec7608_box_0.jpg,seatbelt_unfastened,0.63300544,0.36438334,0.002611175,seatbelt_fastened
36b4c9f5128f5693a020966c5b3b30f3_box_0.jpg,seatbelt_unfastened,0.111195676,0.88874996,5.4352335e-05,seatbelt_unfastened
375813317737585fa4b054850d7322a9_box_0.jpg,seatbelt_unfastened,0.15458429,0.8453067,0.00010905685,seatbelt_unfastened
3831817a527255de997d4cd40342e4c3_box_0.jpg,seatbelt_unfastened,0.5525362,0.442886,0.004577849,seatbelt_fastened
3a1b288968b8554f81e48fe5a39420e2_box_0.jpg,seatbelt_unfastened,0.046281636,0.953683,3.5374243e-05,seatbelt_unfastened
3c1dd8b21b755c24bf5ed63e39361aa0_box_0.jpg,seatbelt_unfastened,0.010387319,0.9894645,0.00014818786,seatbelt_unfastened
3f25d8d49fea5d9693abd122752ddacf_box_0.jpg,seatbelt_unfastened,0.8166273,0.18017563,0.0031970174,seatbelt_fastened
3f926d021aae5dc4aef83b4efd8d2f83_box_0.jpg,seatbelt_unfastened,0.08370039,0.9156099,0.0006896831,seatbelt_unfastened
4306582a7fb0525287fbbe76d74d661e_box_0.jpg,seatbelt_unfastened,0.4203248,0.5751759,0.0044993656,seatbelt_unfastened
440afa936edd52a68ed562dfaaab2c7e_box_0.jpg,seatbelt_unfastened,0.99915504,0.0005836432,0.0002613322,seatbelt_fastened
4552b9736a5e5eb488c3a3a1ed747ce2_box_0.jpg,seatbelt_unfastened,0.5169876,0.47634897,0.0066634263,seatbelt_fastened
456f023e1a295556a5b72de31f21565e_box_0.jpg,seatbelt_unfastened,0.82879853,0.16869499,0.0025064293,seatbelt_fastened
45893c2968905faaad77e593788de66e_box_0.jpg,seatbelt_unfastened,0.039595176,0.9592978,0.0011071188,seatbelt_unfastened
45a8d987dcf751e99ef47d1d97bce86e_box_0.jpg,seatbelt_unfastened,0.032026313,0.9679321,4.1522468e-05,seatbelt_unfastened
4758a7ae2c97582884136c02fea955b1_box_0.jpg,seatbelt_unfastened,0.082073465,0.91791624,1.0321889e-05,seatbelt_unfastened
4784d7b922f958d189cf8c94c57c968a_box_0.jpg,seatbelt_unfastened,0.096876524,0.9030746,4.8830712e-05,seatbelt_unfastened
49ab629b10a457b88dafe5d4ead2e429_box_0.jpg,seatbelt_unfastened,0.9264601,0.06500383,0.008536081,seatbelt_fastened
4b18d33e45cd56faa77e6d8c63f8b24a_box_0.jpg,seatbelt_unfastened,0.0019170634,0.997929,0.00015395571,seatbelt_unfastened
4c443520828d5d25912ba3af26be0750_box_0.jpg,seatbelt_unfastened,0.2648278,0.7235805,0.011591709,seatbelt_unfastened
4cffca55cd115e749a7420970ce0eb81_box_0.jpg,seatbelt_unfastened,1.8716726e-05,0.99998105,2.647258e-07,seatbelt_unfastened
4d11f8d362c759d2ae7c592b46a0b913_box_0.jpg,seatbelt_unfastened,0.032072444,0.9677404,0.00018708697,seatbelt_unfastened
4e58680cb3ca56dd8a96be59b8efeae7_box_0.jpg,seatbelt_unfastened,0.00085993,0.99913967,3.486666e-07,seatbelt_unfastened
4fff49814ed054438c6f529654ffedbd_box_0.jpg,seatbelt_unfastened,0.006577487,0.9901164,0.0033061039,seatbelt_unfastened
5001ab14ca1a5c869d125d87ba55509f_box_0.jpg,seatbelt_unfastened,0.051836256,0.9481457,1.8055096e-05,seatbelt_unfastened
528f227ee6f551c084678cec5c2f3171_box_0.jpg,seatbelt_unfastened,0.30093524,0.69904226,2.2498132e-05,seatbelt_unfastened
534e4ea3a02251a9a0271f00e64c4523_box_0.jpg,seatbelt_unfastened,0.004282125,0.99571544,2.3368768e-06,seatbelt_unfastened
536fb0e308815dafaa0b634df6690745_box_0.jpg,seatbelt_unfastened,0.19443414,0.80089724,0.0046685725,seatbelt_unfastened
53ff0c7d63eb5189aa48599730e9b612_box_0.jpg,seatbelt_unfastened,0.00016178461,0.99978787,5.038922e-05,seatbelt_unfastened
54bfeddb19d2574ab7d4cca0cadaa474_box_0.jpg,seatbelt_unfastened,0.22097161,0.7789179,0.00011051076,seatbelt_unfastened
55b2b11435ea54b0851527101d1c8934_box_0.jpg,seatbelt_unfastened,0.3339902,0.66595936,5.04865e-05,seatbelt_unfastened
568e13f51c225b598503c67686c5d682_box_0.jpg,seatbelt_unfastened,0.122226596,0.87727106,0.0005023617,seatbelt_unfastened
5705067c8d0b5d7796ab7e9086aabe03_box_0.jpg,seatbelt_unfastened,0.72503644,0.26984906,0.0051144836,seatbelt_fastened
57385f777fb154b3bd70b11224cdb3f2_box_0.jpg,seatbelt_unfastened,0.16869578,0.83100456,0.0002996483,seatbelt_unfastened
5768474101fd5fa383c6d2ade052416f_box_0.jpg,seatbelt_unfastened,0.946078,0.053601854,0.00032002717,seatbelt_fastened
57a783d3773653778ded1da878b49d92_box_0.jpg,seatbelt_unfastened,0.003303171,0.98969007,0.007006718,seatbelt_unfastened
5887c65877b15fc684672be095a270fb_box_0.jpg,seatbelt_unfastened,0.5212841,0.4734511,0.0052647274,seatbelt_fastened
5970c87ac01b5daaa2e4fbc33a2a5fb3_box_0.jpg,seatbelt_unfastened,0.39459917,0.60291916,0.002481668,seatbelt_unfastened
5acac2921d725d0c9bfd8a4e82750c49_box_0.jpg,seatbelt_unfastened,0.4015698,0.4238592,0.17457096,seatbelt_unfastened
5ad183f81d025454814f4273d5f3dcdd_box_0.jpg,seatbelt_unfastened,0.0004971244,0.99929655,0.00020629133,seatbelt_unfastened
5b881d35bd9b585cb0eed6944dd4e797_box_0.jpg,seatbelt_unfastened,0.002860977,0.9971284,1.059174e-05,seatbelt_unfastened
5c795e26b93b5e4aa0f0367246bbc616_box_0.jpg,seatbelt_unfastened,0.17259446,0.8272235,0.0001820821,seatbelt_unfastened
5f4dabd6e1a45439a98a2887bc53d4b2_box_0.jpg,seatbelt_unfastened,0.029364506,0.97027045,0.00036503168,seatbelt_unfastened
60484faa42165458ad5e2aac7cdbc77a_box_0.jpg,seatbelt_unfastened,0.18682347,0.8115978,0.0015786506,seatbelt_unfastened
62f79207a3e8562397d2b25a26bdc988_box_0.jpg,seatbelt_unfastened,0.34924412,0.6498107,0.000945216,seatbelt_unfastened
63881815f2e15421a6e3a9e6b95c415b_box_0.jpg,seatbelt_unfastened,0.008097297,0.99186736,3.539503e-05,seatbelt_unfastened
659d5b6f397b516e91b421ec7e654424_box_0.jpg,seatbelt_unfastened,0.03261231,0.96637595,0.0010116942,seatbelt_unfastened
66d6e354858958b6b8fb51247397bdca_box_0.jpg,seatbelt_unfastened,0.005622018,0.99437016,7.8157855e-06,seatbelt_unfastened
6782b711252055bfa6fbfabc8fdf5fe0_box_0.jpg,seatbelt_unfastened,0.0040806946,6.921703e-07,0.9959187,uncertain_or_occluded
69e4dd6e36a556038eb00f47001039e4_box_0.jpg,seatbelt_unfastened,0.0027686965,0.9971511,8.022884e-05,seatbelt_unfastened
6a0ae1c99f7953bb939c87dc01db509b_box_0.jpg,seatbelt_unfastened,0.055106185,0.94425327,0.00064062234,seatbelt_unfastened
6a40c59066a250b088f8470168c40e84_box_0.jpg,seatbelt_unfastened,0.33369252,0.66598964,0.0003178936,seatbelt_unfastened
6ace062ea3e45c5a9863d85777c53e8c_box_0.jpg,seatbelt_unfastened,0.9988702,0.00076375203,0.00036597793,seatbelt_fastened
6c7c5ea4530350789813f294c924a004_box_0.jpg,seatbelt_unfastened,0.35807106,0.43143046,0.21049847,seatbelt_unfastened
6c9b4dc41da755a2922005115ebc7596_box_0.jpg,seatbelt_unfastened,0.006976862,0.9802305,0.012792537,seatbelt_unfastened
6ce3beb6095c5322ab56fa754f1dac19_box_0.jpg,seatbelt_unfastened,0.0014852688,0.9985147,3.5961452e-08,seatbelt_unfastened
6f6985abe9a45ee68a8137bd0634c48d_box_0.jpg,seatbelt_unfastened,8.9525776e-05,0.99964905,0.00026144422,seatbelt_unfastened
7103cfca9bc159e281cbe7ed3df1dd66_box_0.jpg,seatbelt_unfastened,0.0015181279,0.9984819,5.204142e-08,seatbelt_unfastened
71195e1aecac5ad39c33fca5ed206fd6_box_0.jpg,seatbelt_unfastened,0.0019110714,0.998075,1.3916831e-05,seatbelt_unfastened
71755988aa0454c9a3c5b8afba59404e_box_0.jpg,seatbelt_unfastened,0.0048407987,0.9948833,0.000275994,seatbelt_unfastened
763259a0c7db5208b1078de15d25b9c4_box_0.jpg,seatbelt_unfastened,0.65138906,0.34601796,0.0025929054,seatbelt_fastened
76a6de21bfb45660b9cfce209382ce17_box_0.jpg,seatbelt_unfastened,2.800162e-05,0.999866,0.0001060188,seatbelt_unfastened
77a4cb45945a544bb1fdff7d44433c78_box_0.jpg,seatbelt_unfastened,0.00040055165,0.9995921,7.4388677e-06,seatbelt_unfastened
77efb04137945a30bf0f237695cd50c9_box_0.jpg,seatbelt_unfastened,0.993822,0.006142182,3.57213e-05,seatbelt_fastened
782528a35743599ab840113666ebf8dc_box_0.jpg,seatbelt_unfastened,3.6435504e-05,0.99964523,0.00031828912,seatbelt_unfastened
7897610cd71f5584a753725552ce7c1c_box_0.jpg,seatbelt_unfastened,0.25400656,0.7450724,0.00092105375,seatbelt_unfastened
79059f8629b35229aee58d8cb0757c69_box_0.jpg,seatbelt_unfastened,0.00055476284,0.99407554,0.0053697326,seatbelt_unfastened
792adc3eddbe5311b936b5bef3b693ee_box_0.jpg,seatbelt_unfastened,0.38502628,0.612779,0.0021947776,seatbelt_unfastened
79466ab6baa555b3a8ed5d4827848afa_box_0.jpg,seatbelt_unfastened,0.092983216,0.90701115,5.6275153e-06,seatbelt_unfastened
7b855ed5f3a157efa06a1f6164714939_box_0.jpg,seatbelt_unfastened,0.50819415,0.48210973,0.009696144,seatbelt_fastened
7ba8d7f672665694bc570c02596e5170_box_0.jpg,seatbelt_unfastened,0.15987396,0.83836037,0.0017656334,seatbelt_unfastened
7d1b5d851c695799bad3bc6b02af8012_box_0.jpg,seatbelt_unfastened,0.3642726,0.63544863,0.00027877546,seatbelt_unfastened
8010b61673255f8cbde8a1454f672516_box_0.jpg,seatbelt_unfastened,0.077078015,0.9223944,0.0005275367,seatbelt_unfastened
80f5168ceb185f5d9ef52d4a3cfdad9b_box_0.jpg,seatbelt_unfastened,0.2213683,0.7773649,0.001266812,seatbelt_unfastened
824b94a0074c565894b18236fe43ee8e_box_0.jpg,seatbelt_unfastened,0.20880277,0.79068947,0.0005077844,seatbelt_unfastened
825b806d309159c2955736c1165f11e6_box_0.jpg,seatbelt_unfastened,0.58859795,0.4103248,0.0010772736,seatbelt_fastened
82668ff88f485014ab5a61bcdb0d0b20_box_0.jpg,seatbelt_unfastened,0.016596815,0.98337525,2.7895181e-05,seatbelt_unfastened
82ad02fda3f954f2b08da7b95d4b06d1_box_0.jpg,seatbelt_unfastened,0.021993082,0.97770077,0.00030612308,seatbelt_unfastened
82c7379a4e1a5425bc0d13861d3dfaeb_box_0.jpg,seatbelt_unfastened,0.21360789,0.78634226,4.9903363e-05,seatbelt_unfastened
84019a5a9a4059bc9c9634e71926a29a_box_0.jpg,seatbelt_unfastened,0.7267638,0.21983403,0.053402156,seatbelt_fastened
859c9317364d54f89a3498fa27bed718_box_0.jpg,seatbelt_unfastened,0.85436505,0.14509067,0.00054431055,seatbelt_fastened
87a43ebc5c9553c68f88df0005c2c3fc_box_0.jpg,seatbelt_unfastened,0.105718695,0.8942446,3.6651767e-05,seatbelt_unfastened
87ec766f58f85d65a7d61472f7c0c706_box_0.jpg,seatbelt_unfastened,8.750671e-05,0.99960417,0.0003083737,seatbelt_unfastened
897fe9ed865a53158542a27928a18db1_box_0.jpg,seatbelt_unfastened,0.00040148848,0.99959844,1.132035e-07,seatbelt_unfastened
89d0cd47072c505c94432c571d1dc500_box_0.jpg,seatbelt_unfastened,0.0051706797,0.9936278,0.0012015188,seatbelt_unfastened
8a5ad336b7c15cb79a80bcc9ad830aae_box_0.jpg,seatbelt_unfastened,0.41059345,0.5889078,0.0004988276,seatbelt_unfastened
8aada3a2dec1503aa62779f1afe525a2_box_0.jpg,seatbelt_unfastened,0.25195488,0.73426175,0.013783428,seatbelt_unfastened
8adef85ac59e5dbaac79fe67f775148f_box_0.jpg,seatbelt_unfastened,0.00071026187,0.99921227,7.7481185e-05,seatbelt_unfastened
8b0ba060a93956f1bdfba625f67828cd_box_0.jpg,seatbelt_unfastened,0.4004125,0.5938046,0.005782949,seatbelt_unfastened
8b2975043c4e54d0bcafa7a4660bee77_box_0.jpg,seatbelt_unfastened,0.20022054,0.7997665,1.2955486e-05,seatbelt_unfastened
8b8cd4fad6bf5125a465775437039775_box_0.jpg,seatbelt_unfastened,0.29408038,0.7058235,9.613259e-05,seatbelt_unfastened
8c46ccd9ee5d5c1ab50c6722fd066e42_box_0.jpg,seatbelt_unfastened,0.098519914,0.88851655,0.012963617,seatbelt_unfastened
8d36b664beed56769460ca35dbb774de_box_0.jpg,seatbelt_unfastened,3.129011e-05,0.99996865,1.3519879e-07,seatbelt_unfastened
8d5ca81573c552c79edcdfeee9f90f27_box_0.jpg,seatbelt_unfastened,0.10396771,0.8919232,0.004109035,seatbelt_unfastened
8ec665051c645118808e734369596261_box_0.jpg,seatbelt_unfastened,0.00034548366,0.99964213,1.2335593e-05,seatbelt_unfastened
9010620f2589508d8b9c074c66a60899_box_0.jpg,seatbelt_unfastened,0.43571004,0.5614984,0.002791589,seatbelt_unfastened
90a6ce6a7e8e524dbc65499882bd0dfc_box_0.jpg,seatbelt_unfastened,0.031399228,0.9685318,6.8971916e-05,seatbelt_unfastened
9340a8568c5f52ad86a2c8a681f87c69_box_0.jpg,seatbelt_unfastened,0.009153825,0.99082375,2.2469507e-05,seatbelt_unfastened
93472e4340b45579bbd9b59a565b7c0f_box_0.jpg,seatbelt_unfastened,0.1499789,0.8500195,1.6393773e-06,seatbelt_unfastened
9595d277b63d5acaad26c8869751bda5_box_0.jpg,seatbelt_unfastened,0.10315201,0.8957864,0.0010616017,seatbelt_unfastened
974d94c3c7a55ecab5abf394d9250fd7_box_0.jpg,seatbelt_unfastened,0.06523289,0.9303879,0.004379156,seatbelt_unfastened
98b7c4cf6e10552e869c702cd3079ff5_box_0.jpg,seatbelt_unfastened,0.9767833,0.011385743,0.011830953,seatbelt_fastened
99af0e2c23b55087925b643f8805ca1c_box_0.jpg,seatbelt_unfastened,0.061922595,0.93792754,0.00014995816,seatbelt_unfastened
99b01a01e79c57dca8ab6e2faf561587_box_0.jpg,seatbelt_unfastened,0.010696579,0.9892209,8.256488e-05,seatbelt_unfastened
9a405d78137c5c86b44a54ad659a5446_box_0.jpg,seatbelt_unfastened,0.35352883,0.6415989,0.0048722923,seatbelt_unfastened
9a6b0c420dbb5667a406b3fdc31b0f16_box_0.jpg,seatbelt_unfastened,0.6389502,0.3588137,0.0022361001,seatbelt_fastened
9add4200d0d7517780c61c3f1314c30f_box_0.jpg,seatbelt_unfastened,0.050587587,0.9486994,0.0007129876,seatbelt_unfastened
9b0849067edd59bc94f716fbb448a6dd_box_0.jpg,seatbelt_unfastened,5.607883e-05,0.99982774,0.00011611627,seatbelt_unfastened
9b6c285b80ae597d8efe426b6f55586e_box_0.jpg,seatbelt_unfastened,0.87983173,0.07061157,0.04955673,seatbelt_fastened
9c3a176fd3bf505b9449643941419131_box_0.jpg,seatbelt_unfastened,0.018524399,0.9812661,0.0002094927,seatbelt_unfastened
9d8199a75f96558cab76284c31636843_box_0.jpg,seatbelt_unfastened,0.0024212545,0.9973361,0.00024266892,seatbelt_unfastened
9e3058f1870e5058b1dd2f54750b0d9f_box_0.jpg,seatbelt_unfastened,0.5945618,0.40368348,0.0017546909,seatbelt_fastened
9e8057d008fe54dda559c24ea093e0e8_box_0.jpg,seatbelt_unfastened,0.00056024035,0.99941874,2.1114243e-05,seatbelt_unfastened
9f8f8580dfb75f5693503dc0284f1e5c_box_0.jpg,seatbelt_unfastened,0.00041567645,0.9995834,1.0124979e-06,seatbelt_unfastened
a23b193b036b518fbdf25de0e1180219_box_0.jpg,seatbelt_unfastened,0.022178741,0.9773726,0.00044863386,seatbelt_unfastened
a23e7cc9e80d52aa99e6a5f1f09dc60e_box_0.jpg,seatbelt_unfastened,2.1653872e-05,0.9999081,7.021564e-05,seatbelt_unfastened
a2b59d0a14bb59518e3a0739d2111bce_box_0.jpg,seatbelt_unfastened,0.04754767,0.9523638,8.8567955e-05,seatbelt_unfastened
a324889666ae5c7e8112b764317a3a1c_box_0.jpg,seatbelt_unfastened,0.027764194,0.9722029,3.2870616e-05,seatbelt_unfastened
a44390b63f145434b8445bf2dac8fff4_box_0.jpg,seatbelt_unfastened,0.00010160855,0.9987637,0.001134734,seatbelt_unfastened
a4fe15c2bdf55837ae32c201160b4c87_box_0.jpg,seatbelt_unfastened,4.2838756e-06,0.9999957,4.736494e-08,seatbelt_unfastened
a51c8587778a5e189e2a3945b4574f4d_box_0.jpg,seatbelt_unfastened,2.7066335e-05,0.99986994,0.000103027785,seatbelt_unfastened
a63e2a2eaee65040bba8365edb233b64_box_0.jpg,seatbelt_unfastened,0.011308047,0.9884538,0.00023819314,seatbelt_unfastened
a7e9fe92803b51a9ac8f9ef6b6ac5b97_box_0.jpg,seatbelt_unfastened,0.00012854033,0.9994925,0.00037885096,seatbelt_unfastened
a87182b71f9c51b38713872cf4e92841_box_0.jpg,seatbelt_unfastened,0.9656385,0.021662604,0.012698962,seatbelt_fastened
a98d82aae2da5c1789e4a64d23622e28_box_0.jpg,seatbelt_unfastened,0.00032490736,0.9965922,0.0030828365,seatbelt_unfastened
aa08acda648b5cbcb84d9364108becef_box_0.jpg,seatbelt_unfastened,0.48735958,0.5122535,0.00038685472,seatbelt_unfastened
ac48049569ea5f3daa78639b78407f23_box_0.jpg,seatbelt_unfastened,0.025053333,0.97463167,0.00031501302,seatbelt_unfastened
ac5ef558b71b5b4285771e9f1c53b62a_box_0.jpg,seatbelt_unfastened,0.00034570525,0.9996519,2.4033216e-06,seatbelt_unfastened
ae053c918a5b51c79c5245eb7c50da35_box_0.jpg,seatbelt_unfastened,0.2674003,0.7317069,0.0008927303,seatbelt_unfastened
aed0ef12a3e4505587e363099aabf8ff_box_0.jpg,seatbelt_unfastened,0.5724516,0.42649868,0.0010497438,seatbelt_fastened
b043225d4b585626b2308aecb4ed67a5_box_0.jpg,seatbelt_unfastened,0.018195352,0.9811581,0.0006465729,seatbelt_unfastened
b04c6e815b9e558dad366fc5fb018562_box_0.jpg,seatbelt_unfastened,0.0068333475,0.9931545,1.2248269e-05,seatbelt_unfastened
b0c38994880558329acae9596138ae3b_box_0.jpg,seatbelt_unfastened,0.20946597,0.790534,4.1932456e-08,seatbelt_unfastened
b0cf2ee4c4315350aaf26fc9e4fb2613_box_0.jpg,seatbelt_unfastened,0.62183213,0.3768844,0.0012835071,seatbelt_fastened
b24b3a2f916d5f6285d49b19882deba2_box_0.jpg,seatbelt_unfastened,0.0033232854,0.9964862,0.00019054442,seatbelt_unfastened
b275b1947d4c555abd82fda7859fd57e_box_0.jpg,seatbelt_unfastened,0.38272732,0.60539764,0.011874989,seatbelt_unfastened
b3d9a34db8f15218b221862a80f04d26_box_0.jpg,seatbelt_unfastened,0.76150644,0.22055987,0.017933663,seatbelt_fastened
b53bd713f6915411aeb1f61244ec87ac_box_0.jpg,seatbelt_unfastened,0.17468277,0.82381135,0.0015059261,seatbelt_unfastened
b64b747a031e572087c270fb0c6bd6d0_box_0.jpg,seatbelt_unfastened,0.00018376386,0.999816,2.1612844e-07,seatbelt_unfastened
b94cc34ac5c95ac494f8f91b70c57ea8_box_0.jpg,seatbelt_unfastened,0.67863595,0.31733912,0.0040249433,seatbelt_fastened
bd4b378f165251869cf62059e6abf611_box_0.jpg,seatbelt_unfastened,0.12038564,0.8787533,0.00086108,seatbelt_unfastened
bda5330a64f157f2ada56bf3c888be35_box_0.jpg,seatbelt_unfastened,0.021377733,0.9786001,2.2131728e-05,seatbelt_unfastened
be1cf84f01c058fd811a06046ea13b3b_box_0.jpg,seatbelt_unfastened,0.13773783,0.8616075,0.00065472384,seatbelt_unfastened
beccd92e38515722bb208b8644925f52_box_0.jpg,seatbelt_unfastened,0.087220505,0.9124844,0.00029510405,seatbelt_unfastened
bf84ddf58a135ea892d02ffa716bb0db_box_0.jpg,seatbelt_unfastened,0.00913574,0.99084187,2.240848e-05,seatbelt_unfastened
bfb1c7fef5f45f02bbbd39985e7c64d5_box_0.jpg,seatbelt_unfastened,0.43100584,0.5671273,0.0018668176,seatbelt_unfastened
c048cd6168ae54d88e4b8aae3b09b36c_box_0.jpg,seatbelt_unfastened,0.24988948,0.74854493,0.0015654907,seatbelt_unfastened
c0ef9c153bcd5a0dba26a275949fa987_box_0.jpg,seatbelt_unfastened,0.5671408,0.4309836,0.0018755294,seatbelt_fastened
c0ffa08dd3fd5b17b52da1849a4c4c2b_box_0.jpg,seatbelt_unfastened,0.000719764,0.99914336,0.00013690037,seatbelt_unfastened
c256fd1f81195533951324dc62ea39dc_box_0.jpg,seatbelt_unfastened,4.2833683e-05,0.99995685,3.002171e-07,seatbelt_unfastened
c3e4975cb70252beafe2e993a9e7ee34_box_0.jpg,seatbelt_unfastened,0.5444876,0.4517436,0.0037688494,seatbelt_fastened
c44f86a0d239539e80775765f8d95c36_box_0.jpg,seatbelt_unfastened,0.017526152,0.98111856,0.0013553108,seatbelt_unfastened
c54ef0b7e6a65f6f9ebf01bbf2d8df70_box_0.jpg,seatbelt_unfastened,0.13720727,0.8607643,0.002028373,seatbelt_unfastened
c5d1318fa29b51148500dd121623cf81_box_0.jpg,seatbelt_unfastened,0.41718018,0.5690647,0.013755113,seatbelt_unfastened
c90fab3dfb9957579e509e28e2e0d430_box_0.jpg,seatbelt_unfastened,0.5057865,0.038663097,0.45555043,seatbelt_fastened
c9e9cae7701451fbbccc7f47108d8434_box_0.jpg,seatbelt_unfastened,0.018400243,0.98159075,8.968456e-06,seatbelt_unfastened
ca97dd7077fa5d9397a1c5d760cd013d_box_0.jpg,seatbelt_unfastened,0.0024202752,0.997451,0.00012870324,seatbelt_unfastened
cbb547360178547aa441afd23452c456_box_0.jpg,seatbelt_unfastened,0.15100253,0.46441874,0.38457876,seatbelt_unfastened
cbeb33b60950514683fe025cf303a0e8_box_0.jpg,seatbelt_unfastened,0.0065163523,0.9934797,3.9656875e-06,seatbelt_unfastened
cc10890dc2fd53c8affad3406298f039_box_0.jpg,seatbelt_unfastened,0.00014212163,0.9997495,0.00010830671,seatbelt_unfastened
cc1c51b139ce5443bd7e836d7dceec86_box_0.jpg,seatbelt_unfastened,0.18728486,0.81271213,2.966334e-06,seatbelt_unfastened
cc81af01037b53499ea99c5b246c268f_box_0.jpg,seatbelt_unfastened,0.90680045,0.0438106,0.04938899,seatbelt_fastened
cd62c7485fe85e068aa8857b81266f3a_box_0.jpg,seatbelt_unfastened,0.0011216934,0.9988758,2.4745452e-06,seatbelt_unfastened
cd83e15f41e8566aa4074048bb7ec0d4_box_0.jpg,seatbelt_unfastened,0.0032705355,0.9967253,4.183531e-06,seatbelt_unfastened
cdca85cc76a8528cab53481000236d24_box_0.jpg,seatbelt_unfastened,0.00066705927,0.9992773,5.564033e-05,seatbelt_unfastened
ce7955b933ef58cd8473e376e19f7a16_box_0.jpg,seatbelt_unfastened,0.0038573232,0.9604678,0.035674896,seatbelt_unfastened
ceda2eeb30f15be487a7d57fab88ebb6_box_0.jpg,seatbelt_unfastened,0.00041332276,0.9995776,9.001312e-06,seatbelt_unfastened
ceec6f9b1e385a3189b2096ca1e65e70_box_0.jpg,seatbelt_unfastened,0.0054498673,0.99453557,1.4639462e-05,seatbelt_unfastened
d0f83c300c495d708bd54415186bfe92_box_0.jpg,seatbelt_unfastened,0.33911428,0.61795413,0.042931598,seatbelt_unfastened
d13ac9619b535c6aac586208ec1c9e4f_box_0.jpg,seatbelt_unfastened,0.015840631,0.9838594,0.00029988692,seatbelt_unfastened
d1e9c2f63ea15cdb81d348b62369f631_box_0.jpg,seatbelt_unfastened,0.49579462,0.50209856,0.0021068293,seatbelt_unfastened
d295c737ede559b9b7041c50ea78abb1_box_0.jpg,seatbelt_unfastened,0.009085505,0.99090415,1.0365602e-05,seatbelt_unfastened
d5b1c8b53aeb5e6a928d0d7b7abb30cb_box_0.jpg,seatbelt_unfastened,0.014645523,0.9853285,2.6009022e-05,seatbelt_unfastened
d691cecdf67b5a149204bc3f32b2fe2c_box_0.jpg,seatbelt_unfastened,2.2235841e-05,0.9999629,1.4794363e-05,seatbelt_unfastened
d916a0025cef597b9224d22f760f7807_box_0.jpg,seatbelt_unfastened,0.3237457,0.6757958,0.00045850576,seatbelt_unfastened
d931b29b72a059d7b82da39a5998781a_box_0.jpg,seatbelt_unfastened,0.9883329,0.011349559,0.00031757125,seatbelt_fastened
dc1254d1f2a354959c0559d135ebf03c_box_0.jpg,seatbelt_unfastened,0.11081313,0.88909954,8.731658e-05,seatbelt_unfastened
dde24a1b2e2c5d1eb055199850a436ca_box_0.jpg,seatbelt_unfastened,0.3253147,0.67286044,0.0018248426,seatbelt_unfastened
df68ea8f208c506ea6d70f689ca74d4d_box_0.jpg,seatbelt_unfastened,0.007529215,0.9924684,2.4026886e-06,seatbelt_unfastened
dfe4ea5073ac585e91784725debceba2_box_0.jpg,seatbelt_unfastened,0.000432615,0.9995455,2.1843753e-05,seatbelt_unfastened
e008f3be07e55c3eb8f20d77cd120bd1_box_0.jpg,seatbelt_unfastened,0.37842414,0.6210248,0.0005510988,seatbelt_unfastened
e0c501eac95358388f88cec31e472eba_box_0.jpg,seatbelt_unfastened,0.004926749,0.99505854,1.4708949e-05,seatbelt_unfastened
e1001b467cec5f068810cf5290c95a91_box_0.jpg,seatbelt_unfastened,0.38900948,0.60899013,0.0020004478,seatbelt_unfastened
e41e2ed3659f5d9d8f65c6a53962853d_box_0.jpg,seatbelt_unfastened,0.000113402166,0.9998702,1.6500508e-05,seatbelt_unfastened
e438120533425394acd1cbf9524584ad_box_0.jpg,seatbelt_unfastened,0.038805895,0.9611007,9.336634e-05,seatbelt_unfastened
e4b7c7562cf5526584b5cadff72ae412_box_0.jpg,seatbelt_unfastened,0.09543214,0.90401965,0.00054820476,seatbelt_unfastened
e512223ead0c52b5a84b6d479eae47e5_box_0.jpg,seatbelt_unfastened,0.00047627528,0.999501,2.2737797e-05,seatbelt_unfastened
e68eb9e48ac5570c9442578b885a413a_box_0.jpg,seatbelt_unfastened,0.0007832651,0.99909174,0.0001251095,seatbelt_unfastened
e795adea0bc15ddcb9fbb82ba2a775c1_box_0.jpg,seatbelt_unfastened,0.042577308,0.9571984,0.00022428944,seatbelt_unfastened
e82ed8f983bf5312b15d2758d58429b2_box_0.jpg,seatbelt_unfastened,0.18927574,0.80649453,0.0042296113,seatbelt_unfastened
e832d4a00531589bae4c33e8f296fe5c_box_0.jpg,seatbelt_unfastened,0.39474627,0.60495186,0.0003017854,seatbelt_unfastened
e8b7ebc712d65bbead9272afd340eb90_box_0.jpg,seatbelt_unfastened,0.002699733,0.9972704,2.9866225e-05,seatbelt_unfastened
e9bdf535830c5be9afe901298bcc18ba_box_0.jpg,seatbelt_unfastened,0.082203545,0.9164994,0.0012970911,seatbelt_unfastened
eb62baaacec75bb0901d448a388980fa_box_0.jpg,seatbelt_unfastened,0.39457047,0.6041464,0.0012830815,seatbelt_unfastened
ebc41a59d7fe5da4bf7672416f149483_box_0.jpg,seatbelt_unfastened,0.46815068,0.49274412,0.03910522,seatbelt_unfastened
eceda12ed27f5884b92b32290b5be08a_box_0.jpg,seatbelt_unfastened,0.44660097,0.5523318,0.0010672115,seatbelt_unfastened
ee2126305a685afeb95fa986be2ed134_box_0.jpg,seatbelt_unfastened,0.0029058137,0.9970939,2.1109207e-07,seatbelt_unfastened
efa5679b809f5552b78045aa31175041_box_0.jpg,seatbelt_unfastened,0.002581418,0.9972905,0.00012817925,seatbelt_unfastened
f0516463f9a452b5bf79bd3e830e046b_box_0.jpg,seatbelt_unfastened,0.008439247,0.9871759,0.0043849256,seatbelt_unfastened
f061fbfe3c1a574b87912a06ead5f855_box_0.jpg,seatbelt_unfastened,0.0013328121,0.998664,3.17038e-06,seatbelt_unfastened
f0ec44f3a2f6551b95ed565fa6033205_box_0.jpg,seatbelt_unfastened,0.5172139,0.47873294,0.004053169,seatbelt_fastened
f3373d305f93527c963ce413ebfb830b_box_0.jpg,seatbelt_unfastened,0.07581772,0.9227332,0.0014490639,seatbelt_unfastened
f57c1534739a52bb831c3bb713c93d1e_box_0.jpg,seatbelt_unfastened,0.0001697293,0.99971217,0.00011806152,seatbelt_unfastened
f6a5ae3bb4ec571c89035eedc53580cf_box_0.jpg,seatbelt_unfastened,0.8506438,0.14831974,0.0010364667,seatbelt_fastened
f6c888bacf7151a6ba82e3a8320d0cc7_box_0.jpg,seatbelt_unfastened,0.005724164,0.9940194,0.00025645518,seatbelt_unfastened
f720c43f7b2159df98a436f59443755f_box_0.jpg,seatbelt_unfastened,0.003604947,0.99639255,2.4652459e-06,seatbelt_unfastened
f8ee1071762c573281bad4261e3a06b0_box_0.jpg,seatbelt_unfastened,0.27786183,0.721057,0.0010811044,seatbelt_unfastened
facd16876e3b50338e27767f009a1f23_box_0.jpg,seatbelt_unfastened,0.4906391,0.50245506,0.006905878,seatbelt_unfastened
ff196b10ed3a53a38ed93d2f5a6128bd_box_0.jpg,seatbelt_unfastened,1.2547778e-05,0.99996555,2.1989088e-05,seatbelt_unfastened
ff1e859cd8af54b280032e9c00683999_box_0.jpg,seatbelt_unfastened,2.5443453e-06,0.99999464,2.8802792e-06,seatbelt_unfastened
01ed39a1f6e050908ac03a2eb85d5762_box_0.jpg,uncertain_or_occluded,0.51843554,0.47745332,0.0041111987,seatbelt_fastened
04c4c4ab75bf5321a9eb209e42bc8d90_box_0.jpg,uncertain_or_occluded,0.961367,0.013171776,0.025461247,seatbelt_fastened
0e4b698b057e5002be161baa5efc1a60_box_0.jpg,uncertain_or_occluded,0.99976,0.00023116053,8.878706e-06,seatbelt_fastened
21019f498da35084be9bdac343fe17f7_box_0.jpg,uncertain_or_occluded,0.19321306,0.8051383,0.0016486518,seatbelt_unfastened
264399f62ce85a0a8c42acd307ce4367_box_0.jpg,uncertain_or_occluded,0.004867024,0.9951261,6.7983183e-06,seatbelt_unfastened
2d0c5007b6e25b07933167109de2d118_box_0.jpg,uncertain_or_occluded,0.036134917,0.9629006,0.00096448354,seatbelt_unfastened
2e76baa9636a5d8bb2e6568cc3a6c379_box_0.jpg,uncertain_or_occluded,0.002921162,0.99707806,8.0663165e-07,seatbelt_unfastened
311b9fb75be1599e99bc83b5f376de80_box_0.jpg,uncertain_or_occluded,0.037579324,0.96241283,7.789809e-06,seatbelt_unfastened
3aca59bcd3475a97a993668bedcfa482_box_0.jpg,uncertain_or_occluded,0.999936,9.625877e-07,6.304165e-05,seatbelt_fastened
434eda4421aa588c96b6c989b5a2735e_box_0.jpg,uncertain_or_occluded,0.97509027,0.0017648984,0.0231448,seatbelt_fastened
44c3442be2cf5b5ca6f54e617c78442d_box_0.jpg,uncertain_or_occluded,0.51533926,0.44208613,0.042574648,seatbelt_fastened
46beb9e9b8da59c99adb69c9e70d7c58_box_0.jpg,uncertain_or_occluded,0.005230939,0.9933217,0.0014473178,seatbelt_unfastened
5cf616e52d5051f5b2b9682cadb2995b_box_0.jpg,uncertain_or_occluded,0.75100416,0.22465134,0.02434451,seatbelt_fastened
60918a09b62155c6941f1ab4bcc5e304_box_0.jpg,uncertain_or_occluded,0.17526849,0.70511395,0.11961756,seatbelt_unfastened
651cfe02a76e5dcf9dcbd08d934da07c_box_0.jpg,uncertain_or_occluded,0.99987996,1.499804e-06,0.00011848992,seatbelt_fastened
8055763b664f53c1988bbc01b4d85d5e_box_0.jpg,uncertain_or_occluded,0.18726769,0.24295807,0.56977427,uncertain_or_occluded
830a943159df574fb9b60fa5d59b2afe_box_0.jpg,uncertain_or_occluded,0.9913436,0.008556162,0.000100268866,seatbelt_fastened
84ac2a434bdf5283a125f2132d0bba1e_box_0.jpg,uncertain_or_occluded,0.003703857,0.9955434,0.00075281295,seatbelt_unfastened
8b0833b50ba0531080df6714fd9a33f9_box_0.jpg,uncertain_or_occluded,0.88610697,0.05201875,0.061874274,seatbelt_fastened
926ff9afb26c56d88fc4dc4242328528_box_0.jpg,uncertain_or_occluded,0.9997174,4.945289e-05,0.00023312922,seatbelt_fastened
bf71181aade554af84b31ae0886a3033_box_0.jpg,uncertain_or_occluded,0.00036358417,0.99943334,0.00020296441,seatbelt_unfastened
bfe8491fdeba52e9b76341123102ee9d_box_0.jpg,uncertain_or_occluded,0.97634095,0.0236108,4.835174e-05,seatbelt_fastened
d6e948ca1338584d8fefb5bc7ec0fda9_box_0.jpg,uncertain_or_occluded,0.9947783,0.00011744424,0.0051043434,seatbelt_fastened
d99ea6071bec5cf69333c0391a1d6b30_box_0.jpg,uncertain_or_occluded,0.00013362762,0.9997391,0.00012722425,seatbelt_unfastened
f7ed1b0eb39d5308a1fc7f11da31e665_box_0.jpg,uncertain_or_occluded,0.99433255,0.0055008116,0.00016665836,seatbelt_fastened
