confidence,precision,recall,f1
0.0,0.5325803649000869,0.9608150470219435,0.6852990497484629
0.001001001001001001,0.5325803649000869,0.9608150470219435,0.6852990497484629
0.002002002002002002,0.6044029435361282,0.9529780564263323,0.7396812243674442
0.003003003003003003,0.6411218916280632,0.9498432601880877,0.7655294109073287
0.004004004004004004,0.6630085471035145,0.9498432601880877,0.7809201032187708
0.005005005005005005,0.6813811554793611,0.9498432601880877,0.7935208570139325
0.006006006006006006,0.6910269578389124,0.9482758620689655,0.7994669150809045
0.007007007007007007,0.6967660822690884,0.9436041736140247,0.8016133929566371
0.008008008008008008,0.7071399060519721,0.9435736677115988,0.8084244357637569
0.009009009009009009,0.7129247429781365,0.9404388714733543,0.8110280580405999
0.01001001001001001,0.723079154620831,0.9404388714733543,0.8175586119185466
0.011011011011011011,0.7268275978608033,0.9373040752351097,0.8187554872997262
0.012012012012012012,0.7313761391736001,0.9357366771159875,0.8210307922836392
0.013013013013013013,0.7398042427088158,0.9357366771159875,0.8263146015688363
0.014014014014014014,0.7418682279043138,0.932601880877743,0.8263721174577889
0.015015015015015015,0.7452066655847756,0.932601880877743,0.8284391439443874
0.016016016016016016,0.7497789034224374,0.932601880877743,0.8312567786074443
0.017017017017017015,0.7537063421793392,0.9310344827586207,0.8330380365403373
0.018018018018018018,0.7561736971198272,0.9278996865203761,0.8332811899155902
0.01901901901901902,0.7592851134671661,0.9278996865203761,0.8351668634887818
0.02002002002002002,0.7630087852407704,0.9263322884012539,0.8367755749625685
0.02102102102102102,0.7671333119063738,0.9263322884012539,0.8392498273339308
0.022022022022022022,0.7709858269393961,0.9263322884012539,0.8415500417261109
0.023023023023023025,0.7733398718552423,0.9263322884012539,0.8429504347467718
0.024024024024024024,0.7774716429113255,0.9247648902821317,0.844745679621305
0.025025025025025023,0.7838548553477258,0.9247648902821317,0.8484994407407355
0.026026026026026026,0.7880788889553384,0.9247648902821317,0.8509680755624919
0.02702702702702703,0.7899744114176807,0.9247648902821317,0.8520719145775475
0.028028028028028028,0.7905174654332658,0.9247648902821317,0.8523877071919217
0.029029029029029027,0.7933954419393279,0.9247648902821317,0.8540579537961259
0.03003003003003003,0.7946460073377717,0.9247648902821317,0.8547819823709158
0.031031031031031032,0.7965684306649153,0.9247648902821317,0.8558929388304233
0.03203203203203203,0.8022924119813454,0.9231974921630094,0.8585090424969825
0.03303303303303303,0.8046655354581689,0.9231974921630094,0.8598658487272806
0.03403403403403403,0.8048565658501788,0.9231974921630094,0.859974906106955
0.035035035035035036,0.8050475962421888,0.9231974921630094,0.8600839393774634
0.036036036036036036,0.8052386266341988,0.9231974921630094,0.8601929485467993
0.037037037037037035,0.8054296570262087,0.9231974921630094,0.860301933622953
0.03803803803803804,0.8056206874182188,0.9231974921630094,0.8604108946139116
0.03903903903903904,0.8070178550300726,0.9231974921630094,0.8612070874335994
0.04004004004004004,0.8075293963304593,0.9231974921630094,0.8614982739294308
0.04104104104104104,0.8090352327280044,0.9230142659467839,0.8622745043174258
0.04204204204204204,0.8100049383620411,0.9216300940438872,0.8622197097518887
0.043043043043043044,0.8116567036071723,0.9216300940438872,0.8631546090244029
0.044044044044044044,0.8119128635870158,0.9201711722103839,0.8626588502394595
0.04504504504504504,0.8146410764932026,0.9200626959247649,0.8641485387498143
0.04604604604604605,0.8160375386183976,0.9184952978056427,0.8642403606484995
0.04704704704704705,0.8207098951979689,0.9183806189651793,0.8668025676690563
0.04804804804804805,0.8214095575739455,0.9153605015673981,0.8658438814691134
0.04904904904904905,0.8218071647174524,0.9153605015673981,0.8660647248820013
0.050050050050050046,0.8222047718609592,0.9153605015673981,0.8662854672236717
0.05105105105105105,0.8237457813131636,0.9153605015673981,0.8671400465507151
0.05205205205205205,0.8255396572883418,0.9153605015673981,0.8681329494000614
0.05305305305305305,0.8296802822900357,0.9153605015673981,0.8704169740477923
0.05405405405405406,0.8313949267266662,0.9153605015673981,0.8713596245953596
0.055055055055055056,0.8324940317713777,0.9153605015673981,0.8719629007323275
0.056056056056056056,0.8334628577408839,0.9153605015673981,0.8724940405659407
0.057057057057057055,0.8344455145175718,0.9153605015673981,0.8730321620546759
0.058058058058058054,0.8350435744625234,0.9153605015673981,0.8733593752641402
0.05905905905905906,0.8379855002499395,0.9153605015673981,0.8749657249851855
0.06006006006006006,0.838772064183337,0.9153605015673981,0.8753942915859231
0.06106106106106106,0.8392349115668486,0.9153605015673981,0.8756462986671734
0.062062062062062065,0.8394889773443471,0.9153605015673981,0.8757845736590035
0.06306306306306306,0.8397430431218457,0.9153605015673981,0.8759228086179327
0.06406406406406406,0.8399971088993442,0.9153605015673981,0.8760610035613434
0.06506506506506507,0.8402511746768427,0.9153605015673981,0.8761991585066086
0.06606606606606606,0.8414610082485321,0.9153605015673981,0.8768564891267596
0.06706706706706707,0.8421527556208455,0.9153605015673981,0.8772319248558554
0.06806806806806806,0.8427648336197481,0.9153605015673981,0.8775638748456134
0.06906906906906907,0.8430755795965965,0.9153605015673981,0.877732314145792
0.07007007007007007,0.8433863255734448,0.9153605015673981,0.8779006939242318
0.07107107107107107,0.8436970715502933,0.9153605015673981,0.8780690142124766
0.07207207207207207,0.8449614641525591,0.9137931034482759,0.8780303663124935
0.07307307307307308,0.8463607585246201,0.9137931034482759,0.8787852481284488
0.07407407407407407,0.8487469538632377,0.9137931034482759,0.8800697717996678
0.07507507507507508,0.8493948657453019,0.9137931034482759,0.880417952009309
0.07607607607607608,0.8510808531768875,0.9136920361961232,0.8812757747916214
0.07707707707707707,0.8510218585587913,0.9132672814729867,0.8810465377869718
0.07807807807807808,0.850962863940695,0.9128425267498503,0.8808172318668229
0.07907907907907907,0.8509038693225988,0.9124177720267139,0.8805878569744559
0.08008008008008008,0.8515509550551655,0.9122257053291536,0.8808447101569538
0.08108108108108109,0.8523955938081845,0.9106583072100314,0.8805642619120705
0.08208208208208208,0.8533864953914521,0.9106583072100314,0.8810927025696931
0.08308308308308308,0.8536281151836805,0.9106583072100314,0.8812214666430013
0.08408408408408408,0.8538697349759091,0.9106583072100314,0.8813501954525472
0.08508508508508508,0.8541113547681376,0.9106583072100314,0.8814788890128151
0.08608608608608609,0.8543529745603661,0.9106583072100314,0.8816075473382811
0.08708708708708708,0.8550842087612922,0.9090909090909091,0.8812609052535207
0.08808808808808809,0.8578649832159746,0.9090909090909091,0.8827353991851872
0.0890890890890891,0.8578711571716388,0.9082191911151182,0.8823275085594992
0.09009009009009009,0.8597971149588775,0.9075235109717869,0.8830158886195285
0.09109109109109109,0.8604929792896941,0.9075235109717869,0.8833827218614487
0.0920920920920921,0.860683459309696,0.9075235109717869,0.8834830853581984
0.09309309309309309,0.860873939329698,0.9075235109717869,0.8835834272339707
0.0940940940940941,0.8610644193496999,0.9075235109717869,0.883683747495751
0.09509509509509509,0.8612548993697018,0.9075235109717869,0.8837840461505222
0.0960960960960961,0.8614453793897038,0.9075235109717869,0.8838843232052646
0.0970970970970971,0.8616988736232757,0.9075235109717869,0.8840177402232169
0.0980980980980981,0.8623073337833027,0.9075235109717869,0.8843378240478514
0.0990990990990991,0.863248776026938,0.9075235109717869,0.8848326414571096
0.10010010010010009,0.8644698386787164,0.9075235109717869,0.885473642755666
0.1011011011011011,0.8647947302760038,0.9075235109717869,0.8856440470165553
0.1021021021021021,0.8651196218732914,0.9075235109717869,0.8858143888137578
0.1031031031031031,0.8654445134705788,0.9075235109717869,0.885984668181613
0.1041041041041041,0.8653691662730935,0.906732104739033,0.8855679055666056
0.10510510510510511,0.8652598672706804,0.9058816687853586,0.8851049298313803
0.1061061061061061,0.8651629277131125,0.9051294569861299,0.8846950455571657
0.10710710710710711,0.8651075948454539,0.9043887147335423,0.8843121532077741
0.10810810810810811,0.867652180916738,0.9042550763321968,0.8855755693475742
0.1091091091091091,0.867577499413284,0.9036677230145638,0.8852549308320384
0.11011011011011011,0.8675028179098299,0.9030803696969306,0.8849341516340363
0.1111111111111111,0.8687504156576404,0.9028213166144201,0.8854582400312386
0.11211211211211211,0.8702465744061666,0.9028213166144201,0.8862347144894994
0.11311311311311312,0.8704051753206206,0.9028213166144201,0.8863169481676739
0.11411411411411411,0.8705637762350744,0.9028213166144201,0.8863991671368756
0.11511511511511512,0.8707223771495284,0.9028213166144201,0.8864813714010504
0.11611611611611611,0.8708809780639822,0.9028213166144201,0.8865635609641435
0.11711711711711711,0.8710395789784362,0.9028213166144201,0.8866457358300975
0.11811811811811812,0.8711981798928901,0.9028213166144201,0.8867278960028547
0.11911911911911911,0.871356780807344,0.9028213166144201,0.8868100414863557
0.12012012012012012,0.8717785843102361,0.9028213166144201,0.8870284382109167
0.12112112112112113,0.8723221988947986,0.9028213166144201,0.8873097518453551
0.12212212212212212,0.8729835515222273,0.9028213166144201,0.8876517611926966
0.12312312312312312,0.8739891537623734,0.9028213166144201,0.888171306576261
0.12412412412412413,0.8744235975104935,0.9028213166144201,0.8883955804952779
0.12512512512512514,0.8748202292393332,0.9028213166144201,0.8886002389007632
0.12612612612612611,0.8752168609681729,0.9028213166144201,0.8888048059988534
0.12712712712712712,0.8754692885105827,0.9028213166144201,0.8889349507113369
0.12812812812812813,0.8756210257767696,0.9028213166144201,0.8890131645023168
0.12912912912912913,0.8757727630429566,0.9028213166144201,0.8890913649479845
0.13013013013013014,0.8759245003091435,0.9028213166144201,0.8891695520517549
0.13113113113113112,0.8760762375753304,0.9028213166144201,0.8892477258170424
0.13213213213213212,0.8762279748415174,0.9028213166144201,0.88932588624726
0.13313313313313313,0.8763797121077043,0.9028213166144201,0.8894040333458192
0.13413413413413414,0.8765314493738912,0.9028213166144201,0.8894821671161308
0.13513513513513514,0.8766831866400782,0.9028213166144201,0.8895602875616044
0.13613613613613612,0.8780467016585415,0.9028213166144201,0.8902616826249385
0.13713713713713713,0.8782679332373737,0.9028213166144201,0.8903753833689928
0.13813813813813813,0.878487362182394,0.9028213166144201,0.8904881297612599
0.13913913913913914,0.8787067911274142,0.9028213166144201,0.8906008483798176
0.14014014014014015,0.8789262200724345,0.9028213166144201,0.8907135392349272
0.14114114114114115,0.8791456490174548,0.9028213166144201,0.8908262023368453
0.14214214214214213,0.8793650779624751,0.9028213166144201,0.8909388376958227
0.14314314314314314,0.8793125178160223,0.9021686293569592,0.8905939535014001
0.14414414414414414,0.8792261878715225,0.9014349053316159,0.8901920510919225
0.14514514514514515,0.8790670259630052,0.9000857553631394,0.8894522341009623
0.14614614614614616,0.8789796026516798,0.8993460518743029,0.889046202882951
0.14714714714714713,0.8789253220663167,0.8988875326706622,0.8887943543088447
0.14814814814814814,0.8788710414809535,0.8984290134670214,0.8885424164189091
0.14914914914914915,0.8790359847407062,0.8981191222570533,0.8884750958867011
0.15015015015015015,0.8796580124361578,0.8981191222570533,0.8887927137749828
0.15115115115115116,0.8802452180423036,0.8981191222570533,0.8890923470339539
0.15215215215215216,0.8806409299826718,0.8981191222570533,0.8892941552895627
0.15315315315315314,0.8810366419230402,0.8981191222570533,0.8894958737745757
0.15415415415415415,0.8814323538634085,0.8981191222570533,0.8896975025488788
0.15515515515515516,0.8815076108414676,0.8978542041581464,0.8896058212776546
0.15615615615615616,0.8814654568035915,0.897492223111897,0.8894066467737239
0.15715715715715717,0.8814233027657153,0.8971302420656476,0.8892074160719018
0.15815815815815815,0.8813811487278391,0.8967682610193982,0.8890081291338705
0.15915915915915915,0.8818162173295011,0.896551724137931,0.8891229217359697
0.16016016016016016,0.8830484763134283,0.896551724137931,0.8897488702635332
0.16116116116116116,0.8842185411576415,0.896551724137931,0.8903424243306637
0.16216216216216217,0.8846320281841416,0.896551724137931,0.8905519928105832
0.16316316316316315,0.8850455152106416,0.896551724137931,0.8907614640139175
0.16416416416416416,0.8854483038446896,0.896546317948124,0.8909627524539924
0.16516516516516516,0.8854231906614803,0.8963246812869398,0.8908405859981197
0.16616616616616617,0.8853980774782709,0.8961030446257555,0.8907183981978318
0.16716716716716717,0.8853729642950616,0.8958814079645712,0.8905961890442584
0.16816816816816815,0.8853478511118523,0.8956597713033869,0.8904739585285243
0.16916916916916916,0.885322737928643,0.8954381346422027,0.8903517066417495
0.17017017017017017,0.8852976247454336,0.8952164979810184,0.8902294333750489
0.17117117117117117,0.8852725115622243,0.8949948613198341,0.8901071387195326
0.17217217217217218,0.8866166435208401,0.8947236472888674,0.8906516976353754
0.17317317317317318,0.8865601364212484,0.8942212395531328,0.8903742085636103
0.17417417417417416,0.8865036293216568,0.8937188318173983,0.8900966090409853
0.17517517517517517,0.8866003916694822,0.8934169278996865,0.8899956078986092
0.17617617617617617,0.8869279358901768,0.8934169278996865,0.8901606063722041
0.17717717717717718,0.8872554801108715,0.8934169278996865,0.8903255441448006
0.1781781781781782,0.8875830243315661,0.8934169278996865,0.8904904212498894
0.17917917917917917,0.8881056805344939,0.8934169278996865,0.8907533870151303
0.18018018018018017,0.8892984450194394,0.8934169278996865,0.8913529291378132
0.18118118118118118,0.8896335234937166,0.8934169278996865,0.8915212117472119
0.18218218218218218,0.8899686019679939,0.8934169278996865,0.8916894311197175
0.1831831831831832,0.890303680442271,0.8934169278996865,0.8918575872909681
0.1841841841841842,0.8907131374474159,0.8934169278996865,0.892062983920786
0.18518518518518517,0.8934336750097422,0.8934169278996865,0.8934253013762339
0.18618618618618618,0.893957320819088,0.8934169278996865,0.8936870426684634
0.1871871871871872,0.8944809666284337,0.8934169278996865,0.8939486306412766
0.1881881881881882,0.8948009350457897,0.8932412954889559,0.8940204350609701
0.1891891891891892,0.8947485235626651,0.8927445573384561,0.8937454171229599
0.19019019019019018,0.8946961120795404,0.8922478191879564,0.8934702884300101
0.19119119119119118,0.894693264842956,0.8918495297805643,0.8932691340496851
0.1921921921921922,0.8948909373261685,0.8918495297805643,0.8933676449961504
0.1931931931931932,0.8950886098093812,0.8918495297805643,0.8934661341479012
0.1941941941941942,0.8952862822925938,0.8918495297805643,0.8935646015121693
0.19519519519519518,0.8954839547758063,0.8918495297805643,0.8936630470961837
0.1961961961961962,0.8956816272590189,0.8918495297805643,0.8937614709071701
0.1971971971971972,0.8958792997422316,0.8918495297805643,0.8938598729523508
0.1981981981981982,0.896130224683169,0.8918495297805643,0.8939847529152173
0.1991991991991992,0.8970808635945463,0.8918495297805643,0.8944575477444845
0.20020020020020018,0.8977350953203062,0.8918495297805643,0.8947826343599666
0.2012012012012012,0.8981781773388802,0.8918495297805643,0.8950026660848697
0.2022022022022022,0.8986212593574542,0.8918495297805643,0.8952225889086933
0.2032032032032032,0.898989695923599,0.8918495297805643,0.8954053787511588
0.2042042042042042,0.8992384379297411,0.8918495297805643,0.8955287428495122
0.20520520520520522,0.8994871799358832,0.8918495297805643,0.8956520726876026
0.2062062062062062,0.8997359219420253,0.8918495297805643,0.8957753682797002
0.2072072072072072,0.8999846639481675,0.8918495297805643,0.8958986296400667
0.2082082082082082,0.9002334059543097,0.8918495297805643,0.8960218567829566
0.2092092092092092,0.9004627521027462,0.8918495297805643,0.8961354448834066
0.21021021021021022,0.9006823764878671,0.8918495297805643,0.8962441908490698
0.2112112112112112,0.9009020008729881,0.8918495297805643,0.8963529101704766
0.2122122122122122,0.9011216252581091,0.8918495297805643,0.8964616028574177
0.2132132132132132,0.90134124964323,0.8918495297805643,0.89657026891968
0.21421421421421422,0.9015608740283511,0.8918495297805643,0.8966789083670446
0.21521521521521522,0.9017384621263749,0.8918012652719634,0.896742334930273
0.21621621621621623,0.9017101342460152,0.8915165756602892,0.8965843824211052
0.2172172172172172,0.9016818063656554,0.891231886048615,0.8964263927516527
0.2182182182182182,0.9016534784852958,0.8909471964369409,0.8962683659024487
0.21921921921921922,0.9016251506049361,0.8906625068252667,0.8961103018540137
0.22022022022022023,0.9015968227245764,0.8903778172135927,0.8959522005868539
0.22122122122122123,0.9018749335195896,0.890282131661442,0.8960410378146578
0.2222222222222222,0.9023081825371745,0.890282131661442,0.8962548171793275
0.22322322322322322,0.9027414315547595,0.890282131661442,0.8964684932328066
0.22422422422422422,0.9030606744231003,0.890282131661442,0.8966258760090242
0.22522522522522523,0.9031732160873222,0.890282131661442,0.8966813442967085
0.22622622622622623,0.903285757751544,0.890282131661442,0.8967368056234147
0.2272272272272272,0.9033982994157658,0.890282131661442,0.8967922599904529
0.22822822822822822,0.9035108410799876,0.890282131661442,0.8968477073991336
0.22922922922922923,0.9036233827442094,0.890282131661442,0.8969031478507655
0.23023023023023023,0.9037359244084312,0.890282131661442,0.8969585813466587
0.23123123123123124,0.9038484660726529,0.890282131661442,0.8970140078881217
0.23223223223223222,0.9039610077368747,0.890282131661442,0.8970694274764633
0.23323323323323322,0.9040735494010965,0.890282131661442,0.8971248401129918
0.23423423423423423,0.9041860910653183,0.890282131661442,0.8971802457990151
0.23523523523523523,0.9042986327295401,0.890282131661442,0.8972356445358408
0.23623623623623624,0.904411174393762,0.890282131661442,0.8972910363247764
0.23723723723723725,0.9043920646858651,0.8895977487577714,0.8969339053208794
0.23823823823823823,0.904513803653854,0.8887147335423198,0.8965446704929899
0.23923923923923923,0.9053327985870518,0.8887147335423198,0.8969468004099623
0.24024024024024024,0.9069287330721986,0.8887147335423198,0.8977293570128995
0.24124124124124124,0.9071551985368689,0.8882425529504612,0.8975992632308442
0.24224224224224225,0.9071047035438806,0.8877103659635024,0.8973027494929222
0.24324324324324323,0.9070542085508924,0.8871781789765435,0.8970061030769187
0.24424424424424424,0.9071872377937489,0.8871473354231975,0.8970553794722523
0.24524524524524524,0.9073315577789969,0.8871473354231975,0.8971259309633118
0.24624624624624625,0.9074758777642449,0.8871473354231975,0.8971964711071535
0.24724724724724725,0.9076201977494929,0.8871473354231975,0.8972669999065149
0.24824824824824826,0.907764517734741,0.8871473354231975,0.8973375173641325
0.24924924924924924,0.907908837719989,0.8871473354231975,0.8974080234827415
0.2502502502502503,0.908053157705237,0.8871473354231975,0.8974785182650771
0.25125125125125125,0.908197477690485,0.8871473354231975,0.8975490017138728
0.25225225225225223,0.908341797675733,0.8871473354231975,0.8976194738318617
0.25325325325325326,0.908486117660981,0.8871473354231975,0.8976899346217757
0.25425425425425424,0.9086946545868526,0.8871473354231975,0.8977917277961828
0.2552552552552553,0.9089141912511172,0.8871473354231975,0.8978988647341315
0.25625625625625625,0.9091337279153816,0.8871473354231975,0.8980059754841004
0.25725725725725723,0.909353264579646,0.8871473354231975,0.8981130600556905
0.25825825825825827,0.9095728012439105,0.8871473354231975,0.8982201184584975
0.25925925925925924,0.9097923379081749,0.8871473354231975,0.8983271507021129
0.2602602602602603,0.9099612711945984,0.8870762576737551,0.8983730457623527
0.26126126126126126,0.9099284896446416,0.8867218502888076,0.8981752943626012
0.26226226226226224,0.9098957080946848,0.88636744290386,0.8979774835827895
0.26326326326326327,0.909862926544728,0.8860130355189125,0.897779613384511
0.26426426426426425,0.9098301449947712,0.8856586281339649,0.897581683729325
0.2652652652652653,0.9099190174967366,0.8855799373040752,0.8975845118839847
0.26626626626626626,0.9100426106497823,0.8855799373040752,0.8976446402966207
0.26726726726726724,0.9101662038028279,0.8855799373040752,0.897704760432519
0.2682682682682683,0.9102897969558735,0.8855799373040752,0.8977648722933881
0.26926926926926925,0.9104133901089192,0.8855799373040752,0.8978249758809365
0.2702702702702703,0.9105369832619649,0.8855799373040752,0.8978850711968719
0.27127127127127126,0.9106605764150105,0.8855799373040752,0.897945158242902
0.27227227227227224,0.9107841695680561,0.8855799373040752,0.8980052370207336
0.2732732732732733,0.9109077627211017,0.8855799373040752,0.8980653075320733
0.27427427427427425,0.9110313558741474,0.8855799373040752,0.8981253697786269
0.2752752752752753,0.9111549490271931,0.8855799373040752,0.8981854237621002
0.27627627627627627,0.9112785421802387,0.8855799373040752,0.898245469484198
0.2772772772772773,0.9113380579386641,0.8855799373040752,0.8982743813004294
0.2782782782782783,0.9113908226123714,0.8855799373040752,0.8983000119446589
0.27927927927927926,0.9114435872860788,0.8855799373040752,0.898325641083741
0.2802802802802803,0.9114963519597861,0.8855799373040752,0.8983512687178085
0.28128128128128127,0.9115491166334934,0.8855799373040752,0.8983768948469938
0.2822822822822823,0.9116018813072007,0.8855799373040752,0.8984025194714294
0.2832832832832833,0.9116546459809081,0.8855799373040752,0.8984281425912478
0.28428428428428426,0.9117074106546154,0.8855799373040752,0.8984537642065817
0.2852852852852853,0.9117601753283227,0.8855799373040752,0.8984793843175637
0.2862862862862863,0.91181294000203,0.8855799373040752,0.8985050029243258
0.2872872872872873,0.9118657046757374,0.8855799373040752,0.898530620027001
0.2882882882882883,0.9119184693494446,0.8855799373040752,0.8985562356257214
0.28928928928928926,0.9119712340231519,0.8855799373040752,0.8985818497206196
0.2902902902902903,0.9120239986968592,0.8855799373040752,0.8986074623118279
0.2912912912912913,0.9120767633705666,0.8855799373040752,0.8986330733994791
0.2922922922922923,0.9121295280442739,0.8855799373040752,0.8986586829837049
0.2932932932932933,0.9121822927179812,0.8855799373040752,0.8986842910646382
0.29429429429429427,0.9122350573916885,0.8855799373040752,0.8987098976424113
0.2952952952952953,0.9122878220653959,0.8855799373040752,0.8987355027171565
0.2962962962962963,0.9123405867391032,0.8855799373040752,0.898761106289006
0.2972972972972973,0.9123933514128105,0.8855799373040752,0.8987867083580924
0.2982982982982983,0.9124461160865178,0.8855799373040752,0.8988123089245477
0.29929929929929927,0.9124988807602252,0.8855799373040752,0.8988379079885043
0.3003003003003003,0.9125516454339325,0.8855799373040752,0.8988635055500944
0.3013013013013013,0.9126044101076398,0.8855799373040752,0.8988891016094506
0.3023023023023023,0.9126571747813471,0.8855799373040752,0.8989146961667045
0.3033033033033033,0.9127099394550544,0.8855799373040752,0.8989402892219889
0.30430430430430433,0.9127637216006922,0.8855799373040752,0.8989663742478053
0.3053053053053053,0.9131083644019283,0.8855799373040752,0.8991334933706122
0.3063063063063063,0.9134530072031646,0.8855799373040752,0.8993005484630157
0.3073073073073073,0.9137976500044008,0.8855799373040752,0.8994675395618079
0.3083083083083083,0.914142292805637,0.8855799373040752,0.8996344667037526
0.30930930930930933,0.9151520453656231,0.8855799373040752,0.9001231707531023
0.3103103103103103,0.9156952309353045,0.8852820657114483,0.9002318542425582
0.3113113113113113,0.9156481422513543,0.8847426067565921,0.8999301120533789
0.3123123123123123,0.9156010535674041,0.8842031478017358,0.8996282296474537
0.3133133133133133,0.915700205398444,0.8840125391849529,0.8995774088312574
0.31431431431431434,0.9158792617020833,0.8840125391849529,0.8996638034853889
0.3153153153153153,0.9160583180057227,0.8840125391849529,0.8997501809518554
0.3163163163163163,0.916237374309362,0.8840125391849529,0.8998365412357856
0.3173173173173173,0.9164164306130014,0.8840125391849529,0.8999228843423057
0.3183183183183183,0.9165954869166407,0.8840125391849529,0.9000092102765404
0.31931931931931934,0.9167745432202801,0.8840125391849529,0.9000955190436122
0.3203203203203203,0.9169535995239193,0.8840125391849529,0.9001818106486413
0.3213213213213213,0.9170506934485949,0.8837516858173187,0.9000933202292969
0.32232232232232233,0.9169830344968463,0.8829664901454952,0.8996533296160405
0.3233233233233233,0.9169232072421639,0.8822727453506714,0.8992643121094891
0.32432432432432434,0.9168788550710303,0.8817597034035446,0.8989764213551318
0.3253253253253253,0.9168345028998967,0.8812466614564177,0.8986884027316138
0.3263263263263263,0.9173608356581635,0.8808777429467085,0.8987492004639391
0.32732732732732733,0.9190137215162109,0.8808777429467085,0.8995417209646227
0.3283283283283283,0.9200416079676637,0.8808777429467085,0.9000338350877657
0.32932932932932935,0.92061349739251,0.8808777429467085,0.9003073915104791
0.3303303303303303,0.9211853868173562,0.8808777429467085,0.900580774305507
0.3313313313313313,0.9215041852696038,0.8808777429467085,0.9007330956092612
0.33233233233233234,0.9217514004447744,0.8808777429467085,0.90085117746865
0.3333333333333333,0.9219986156199452,0.8808777429467085,0.900969226944645
0.33433433433433435,0.9222458307951159,0.8808777429467085,0.9010872440505656
0.3353353353353353,0.9224930459702867,0.8808777429467085,0.9012052287997246
0.3363363363363363,0.9227402611454574,0.8808777429467085,0.9013231812054269
0.33733733733733734,0.9232449605876236,0.8808777429467085,0.9015638852902141
0.3383383383383383,0.9238822743423349,0.8808777429467085,0.9018676442019252
0.33933933933933935,0.9243291344917721,0.8807146333309074,0.9019949646350814
0.34034034034034033,0.924282558432374,0.8801289316075451,0.9016655293395154
0.34134134134134136,0.9242359823729759,0.8795432298841828,0.9013359235848813
0.34234234234234234,0.9244148829682987,0.8793103448275862,0.9012986645420383
0.3433433433433433,0.9247426148078404,0.8793103448275862,0.9014544092627624
0.34434434434434436,0.9250703466473822,0.8793103448275862,0.9016100974072839
0.34534534534534533,0.9253980784869239,0.8793103448275862,0.9017657290064253
0.34634634634634637,0.9257258103264656,0.8793103448275862,0.9019213040909863
0.34734734734734735,0.9257363470277171,0.8792308223884325,0.9018844702591747
0.3483483483483483,0.9257297840950435,0.8791470129838302,0.9018372620607831
0.34934934934934936,0.9257232211623698,0.8790632035792278,0.9017900503536723
0.35035035035035034,0.9257166582296962,0.8789793941746256,0.9017428351373156
0.35135135135135137,0.9257100952970225,0.8788955847700232,0.9016956164111852
0.35235235235235235,0.9257035323643489,0.8788117753654208,0.9016483941747543
0.3533533533533533,0.9256969694316753,0.8787279659608185,0.9016011684274953
0.35435435435435436,0.9256904064990017,0.8786441565562161,0.9015539391688805
0.35535535535535534,0.925683843566328,0.8785603471516138,0.9015067063983824
0.3563563563563564,0.9256772806336544,0.8784765377470114,0.9014594701154732
0.35735735735735735,0.9256707177009807,0.878392728342409,0.9014122303196253
0.35835835835835833,0.9256641547683071,0.8783089189378067,0.9013649870103103
0.35935935935935936,0.9256575918356335,0.8782251095332043,0.9013177401870004
0.36036036036036034,0.9256510289029599,0.878141300128602,0.9012704898491676
0.3613613613613614,0.9256444659702863,0.8780574907239996,0.9012232359962834
0.36236236236236236,0.9256379030376126,0.8779736813193972,0.9011759786278192
0.36336336336336333,0.925631340104939,0.877889871914795,0.9011287177432472
0.36436436436436437,0.9256247771722653,0.8778060625101926,0.901081453342038
0.36536536536536535,0.9256160897944224,0.877695281528312,0.9010189670387833
0.3663663663663664,0.9256009228266838,0.8775022368278231,0.9009100514758583
0.36736736736736736,0.9255857558589452,0.8773091921273343,0.9008011172521839
0.3683683683683684,0.9255705888912067,0.8771161474268454,0.900692164361294
0.36936936936936937,0.9255554219234681,0.8769231027263565,0.9005831927967194
0.37037037037037035,0.9255402549557294,0.8767300580258677,0.9004742025519883
0.3713713713713714,0.9255250879879909,0.8765370133253788,0.9003651936206258
0.37237237237237236,0.9255099210202523,0.87634396862489,0.9002561659961538
0.3733733733733734,0.9253564859985546,0.8743976508669902,0.8991556357590605
0.3743743743743744,0.9253280483561929,0.8730407523510971,0.8984242778130267
0.37537537537537535,0.9256427215213785,0.8730407523510971,0.8985725723776082
0.3763763763763764,0.9259573946865642,0.8730407523510971,0.8987208150640706
0.37737737737737737,0.9262720678517499,0.8730407523510971,0.8988690058996319
0.3783783783783784,0.9265867410169356,0.8730407523510971,0.8990171449114918
0.3793793793793794,0.9268262395940217,0.8730407523510971,0.8991298591897012
0.38038038038038036,0.9269310688206773,0.8730407523510971,0.8991791851207905
0.3813813813813814,0.927035898047333,0.8730407523510971,0.899228505306792
0.38238238238238237,0.9271407272739887,0.8730407523510971,0.8992778197487094
0.3833833833833834,0.9272455565006443,0.8730407523510971,0.8993271284475461
0.3843843843843844,0.9273503857273,0.8730407523510971,0.8993764314043051
0.38538538538538536,0.9274552149539557,0.8730407523510971,0.8994257286199896
0.3863863863863864,0.9275600441806113,0.8730407523510971,0.8994750200956022
0.38738738738738737,0.9276648734072671,0.8730407523510971,0.8995243058321454
0.3883883883883884,0.9277697026339228,0.8730407523510971,0.8995735858306214
0.3893893893893894,0.9278745318605784,0.8730407523510971,0.8996228600920323
0.39039039039039036,0.9279793610872341,0.8730407523510971,0.8996721286173799
0.3913913913913914,0.9280841903138898,0.8730407523510971,0.8997213914076657
0.3923923923923924,0.9281890195405454,0.8730407523510971,0.8997706484638911
0.3933933933933934,0.9282938487672011,0.8730407523510971,0.8998198997870572
0.3943943943943944,0.9282745091295952,0.8722701239766901,0.8994013325467802
0.39539539539539537,0.9288983824675207,0.8714733542319749,0.8992700480775693
0.3963963963963964,0.9298236277858096,0.8714733542319749,0.8997034068673552
0.3973973973973974,0.9299286947000188,0.8714733542319749,0.8997525890983173
0.3983983983983984,0.930033761614228,0.8714733542319749,0.8998017655924992
0.3993993993993994,0.9301388285284372,0.8714733542319749,0.8998509363509046
0.40040040040040037,0.9302438954426464,0.8714733542319749,0.8999001013745367
0.4014014014014014,0.9303489623568556,0.8714733542319749,0.899949260664399
0.4024024024024024,0.9304540292710648,0.8714733542319749,0.8999984142214943
0.4034034034034034,0.930559096185274,0.8714733542319749,0.9000475620468252
0.4044044044044044,0.9306641630994831,0.8714733542319749,0.9000967041413945
0.40540540540540543,0.9307692300136923,0.8714733542319749,0.9001458405062045
0.4064064064064064,0.9308742969279015,0.8714733542319749,0.9001949711422569
0.4074074074074074,0.9309793638421107,0.8714733542319749,0.9002440960505537
0.4084084084084084,0.9310844307563199,0.8714733542319749,0.9002932152320965
0.4094094094094094,0.931189497670529,0.8714733542319749,0.9003423286878868
0.41041041041041043,0.9312945645847382,0.8714733542319749,0.9003914364189253
0.4114114114114114,0.9313529522479063,0.8699059561128527,0.8995813723870028
0.4124124124124124,0.9321297564509947,0.8699059561128527,0.8999435708774984
0.4134134134134134,0.9328171923634256,0.8699059561128527,0.9002638395000235
0.4144144144144144,0.9330737947671849,0.8699059561128527,0.9003833250646438
0.41541541541541543,0.9333303971709441,0.8699059561128527,0.9005027766234244
0.4164164164164164,0.9335869995747033,0.8699059561128527,0.9006221941908806
0.4174174174174174,0.9338436019784625,0.8699059561128527,0.9007415777815193
0.4184184184184184,0.9341002043822217,0.8699059561128527,0.9008609274098389
0.4194194194194194,0.9343569820596747,0.8699059561128527,0.900980324577968
0.42042042042042044,0.9346169477720403,0.8699059561128527,0.9011011695119767
0.4214214214214214,0.9348769134844059,0.8699059561128527,0.9012219796323361
0.4224224224224224,0.9351368791967716,0.8699059561128527,0.9013427549540872
0.42342342342342343,0.9353968449091372,0.8699059561128527,0.9014634954922638
0.4244244244244244,0.9356568106215027,0.8699059561128527,0.9015842012618897
0.42542542542542544,0.9359167763338684,0.8699059561128527,0.901704872277981
0.4264264264264264,0.9359063255060518,0.8697216221272275,0.9016009844610294
0.4274274274274274,0.9358934827608337,0.8695356576508505,0.9014950925606761
0.42842842842842843,0.9358806400156156,0.8693496931744735,0.9013891826288443
0.4294294294294294,0.9358677972703975,0.8691637286980964,0.9012832546595763
0.43043043043043044,0.9358549545251794,0.8689777642217195,0.9011773086469116
0.4314314314314314,0.9358421117799613,0.8687917997453425,0.9010713445848868
0.43243243243243246,0.9358292690347432,0.8686058352689655,0.9009653624675361
0.43343343343343343,0.9358164262895251,0.8684198707925885,0.9008593622888909
0.4344344344344344,0.9359110580614022,0.8683385579937304,0.900859450195489
0.43543543543543545,0.9360891959365556,0.8683385579937304,0.9009419643236803
0.4364364364364364,0.936267333811709,0.8683385579937304,0.9010244621614546
0.43743743743743746,0.9364454716868625,0.8683385579937304,0.9011069437136353
0.43843843843843844,0.936623609562016,0.8683385579937304,0.9011894089850442
0.4394394394394394,0.9368017474371694,0.8683385579937304,0.9012718579805014
0.44044044044044045,0.9369798853123228,0.8683385579937304,0.9013542907048251
0.44144144144144143,0.9371580231874762,0.8683385579937304,0.9014367071628312
0.44244244244244246,0.9373361610626296,0.8683385579937304,0.9015191073593338
0.44344344344344344,0.9389642672412348,0.8680543586294636,0.9021180115211463
0.4444444444444444,0.9388404311559103,0.8661826978007979,0.9010492158436987
0.44544544544544545,0.9387658277385292,0.865058256657949,0.9004061287109999
0.44644644644644643,0.9387290300242541,0.8645052719893522,0.9000895718534253
0.44744744744744747,0.938692232309979,0.8639522873207555,0.8997728530088228
0.44844844844844844,0.9389482227237609,0.8636363636363636,0.8997190310535251
0.4494494494494494,0.939594402626008,0.8636363636363636,0.9000155813212625
0.45045045045045046,0.9402405825282552,0.8636363636363636,0.900311919130136
0.45145145145145144,0.9409295885284209,0.8636363636363636,0.9006276631781874
0.45245245245245247,0.9416208592593357,0.8636363636363636,0.9009442028548698
0.45345345345345345,0.942168371367948,0.8636363636363636,0.901194742054397
0.4544544544544544,0.9426294918801931,0.8636363636363636,0.9014056310010793
0.45545545545545546,0.9430906123924382,0.8636363636363636,0.9016164122998211
0.45645645645645644,0.9439011185804098,0.8636363636363636,0.9019866395061762
0.4574574574574575,0.9452718145849822,0.8636363636363636,0.9026119981378362
0.45845845845845845,0.9455291191706497,0.8636363636363636,0.9027292836980808
0.45945945945945943,0.9457864237563172,0.8636363636363636,0.9028465359017073
0.46046046046046046,0.9460437283419848,0.8636363636363636,0.9029637547629439
0.46146146146146144,0.9463010329276523,0.8636363636363636,0.9030809402960105
0.4624624624624625,0.9465583375133199,0.8636363636363636,0.9031980925151194
0.46346346346346345,0.9466306105015875,0.8618456429783067,0.902250682695799
0.46446446446446443,0.9465483055802212,0.8604435220927246,0.9014444287035887
0.46546546546546547,0.9465001879503467,0.859626510136792,0.9009740615354322
0.46646646646646645,0.9481690364583394,0.8589341692789969,0.9013483912603788
0.4674674674674675,0.9489348850988895,0.8589341692789969,0.9016942850573358
0.46846846846846846,0.9497007337394395,0.8589341692789969,0.902039885923648
0.4694694694694695,0.9497225026305851,0.8586192408539743,0.9018760056484559
0.47047047047047047,0.949704022244331,0.8582872771023621,0.9016845154064472
0.47147147147147145,0.9496855418580769,0.8579553133507499,0.9014929644919927
0.4724724724724725,0.9496670614718228,0.8576233495991378,0.901301352869798
0.47347347347347346,0.9497085965853042,0.8573667711598746,0.9011783432288342
0.4744744744744745,0.9499543980574955,0.8573667711598746,0.901288989343676
0.4754754754754755,0.9502001995296867,0.8573667711598746,0.901399605366158
0.47647647647647645,0.950446001001878,0.8573667711598746,0.9015101913085548
0.4774774774774775,0.9506918024740694,0.8573667711598746,0.9016207471831341
0.47847847847847846,0.9509376039462606,0.8573667711598746,0.9017312730021574
0.4794794794794795,0.9511834054184519,0.8573667711598746,0.9018417687778795
0.4804804804804805,0.9517747546756955,0.8573667711598746,0.9021074765401738
0.48148148148148145,0.9527008123598021,0.8573667711598746,0.9025232282056763
0.4824824824824825,0.9535318846020049,0.8573667711598746,0.902895974325258
0.48348348348348347,0.9543257078909259,0.8573667711598746,0.9032516945016935
0.4844844844844845,0.9545812202126145,0.8565060532918777,0.9028881218835679
0.4854854854854855,0.9545203056242667,0.8553041994546047,0.9021926972190591
0.48648648648648646,0.9544688016050327,0.8542901030758934,0.9016052374871123
0.4874874874874875,0.955200036489973,0.85423197492163,0.9018989478134424
0.48848848848848847,0.955978866228598,0.85423197492163,0.9022459664012417
0.4894894894894895,0.9561331303629814,0.8540851517633709,0.9022327503982795
0.4904904904904905,0.9561240211122771,0.8538999227175458,0.9021253343297464
0.49149149149149146,0.9561149118615729,0.8537146936717206,0.9020178989218676
0.4924924924924925,0.9561058026108686,0.8535294646258955,0.9019104441684124
0.4934934934934935,0.9560966933601643,0.8533442355800703,0.9018029700631478
0.4944944944944945,0.9560875841094602,0.8531590065342453,0.9016954765998377
0.4954954954954955,0.9560784748587559,0.8529737774884201,0.9015879637722434
0.4964964964964965,0.9560693656080517,0.852788548442595,0.9014804315741237
0.4974974974974975,0.9570441214905302,0.8526645768025078,0.9018441714976091
0.4984984984984985,0.9576542940930671,0.8507269702805178,0.9010293926841053
0.4994994994994995,0.9576222419264584,0.8500551935425071,0.9006382933470883
0.5005005005005005,0.9576246299749502,0.8495297805642633,0.9003443613020478
0.5015015015015015,0.9577506506495528,0.8495297805642633,0.900400055275467
0.5025025025025025,0.9578766713241552,0.8495297805642633,0.9004557414824075
0.5035035035035035,0.9580026919987576,0.8495297805642633,0.9005114199244934
0.5045045045045045,0.9581287126733601,0.8495297805642633,0.9005670906033485
0.5055055055055055,0.9582547333479626,0.8495297805642633,0.900622753520597
0.5065065065065065,0.9583807540225651,0.8495297805642633,0.9006784086778612
0.5075075075075075,0.9585067746971675,0.8495297805642633,0.9007340560767642
0.5085085085085085,0.9586327953717699,0.8495297805642633,0.9007896957189278
0.5095095095095095,0.9587588160463724,0.8495297805642633,0.900845327605974
0.5105105105105106,0.9588848367209749,0.8495297805642633,0.9009009517395242
0.5115115115115115,0.9590108573955773,0.8495297805642633,0.9009565681211988
0.5125125125125125,0.9591368780701798,0.8495297805642633,0.9010121767526185
0.5135135135135135,0.9592628987447822,0.8495297805642633,0.9010677776354031
0.5145145145145145,0.9593033881106555,0.8479623824451411,0.9002031684801316
0.5155155155155156,0.9596942340746426,0.8479623824451411,0.9003752169607844
0.5165165165165165,0.9600850800386297,0.8479623824451411,0.9005471910579317
0.5175175175175175,0.9604759260026168,0.8479623824451411,0.9007190908198014
0.5185185185185185,0.960866771966604,0.8479623824451411,0.90089091629458
0.5195195195195195,0.9608437428439913,0.846162505795046,0.8998640151186009
0.5205205205205206,0.9608207493016419,0.8456460160530229,0.8995617903089319
0.5215215215215215,0.9607977557592923,0.8451295263109997,0.8992594112368217
0.5225225225225225,0.9609148458635451,0.8448275862068966,0.899139717119526
0.5235235235235235,0.9612290785556313,0.8448275862068966,0.8992772575436442
0.5245245245245245,0.9615433112477175,0.8448275862068966,0.8994147501152446
0.5255255255255256,0.9618575439398038,0.8448275862068966,0.8995521948592958
0.5265265265265265,0.96217177663189,0.8448275862068966,0.8996895918007491
0.5275275275275275,0.9624860093239763,0.8448275862068966,0.8998269409645387
0.5285285285285285,0.962492122170436,0.8446435232298318,0.8997251968553022
0.5295295295295295,0.9624838772498078,0.8444508832870451,0.8996122915380302
0.5305305305305306,0.9624756323291795,0.8442582433442584,0.8994993646300111
0.5315315315315315,0.9624673874085513,0.8440656034014715,0.8993864161240421
0.5325325325325325,0.9624591424879231,0.8438729634586848,0.8992734460129175
0.5335335335335335,0.962450897567295,0.8436803235158981,0.8991604542894284
0.5345345345345345,0.9624426526466667,0.8434876835731113,0.8990474409463624
0.5355355355355356,0.9624344077260385,0.8432950436303245,0.8989344059765039
0.5365365365365365,0.9624175845952508,0.8429032558680286,0.8987044268007288
0.5375375375375375,0.9623988664851829,0.8424674751299615,0.8984485160160358
0.5385385385385385,0.962380148375115,0.8420316943918943,0.8981924943950348
0.5395395395395395,0.9623629941328024,0.8416325387699465,0.8979578886949509
0.5405405405405406,0.9623513108015229,0.8413615095520328,0.8977985214039073
0.5415415415415415,0.9623396274702436,0.8410904803341192,0.897639111170157
0.5425425425425425,0.9623279441389643,0.8408194511162055,0.897479657973502
0.5435435435435435,0.962316260807685,0.8405484218982919,0.8973201617937302
0.5445445445445445,0.9623045774764055,0.8402773926803783,0.8971606226106178
0.5455455455455456,0.962289767212725,0.8399345116915364,0.896958713952071
0.5465465465465466,0.9622709638148456,0.839499875037107,0.8967026621311376
0.5475475475475475,0.9622521604169663,0.8390652383826775,0.8964464995480929
0.5485485485485485,0.962233357019087,0.8386306017282481,0.8961902261192702
0.5495495495495496,0.9622125544038254,0.8381512194306916,0.895907413319477
0.5505505505505506,0.9621913508281184,0.8376628630049813,0.8956191623729495
0.5515515515515516,0.9621701472524113,0.8371745065792711,0.8953307711849762
0.5525525525525525,0.9621502551826233,0.8367173429617231,0.8950606546883269
0.5535535535535535,0.9621311553740333,0.8362790224551422,0.8948015441739344
0.5545545545545546,0.9621120555654432,0.8358407019485612,0.8945423204432883
0.5555555555555556,0.9620934917296972,0.8354147121431158,0.8942902799735997
0.5565565565565566,0.9620856778224379,0.8352360373964557,0.8941845217537256
0.5575575575575575,0.9620778639151787,0.8350573626497956,0.8940787446922953
0.5585585585585585,0.9620700500079195,0.8348786879031355,0.8939729487834427
0.5595595595595596,0.9620622361006602,0.8347000131564754,0.8938671340212989
0.5605605605605606,0.962054422193401,0.8345213384098152,0.8937613003999929
0.5615615615615616,0.9620466082861417,0.8343426636631551,0.8936554479136514
0.5625625625625625,0.9620387943788825,0.834163988916495,0.8935495765563984
0.5635635635635635,0.9620309804716233,0.8339853141698349,0.8934436863223555
0.5645645645645646,0.962022590222988,0.8337936857074508,0.8933300939376544
0.5655655655655656,0.9620126815688946,0.8335679299145006,0.8931962334616652
0.5665665665665666,0.9620027729148012,0.8333421741215503,0.893062342827368
0.5675675675675675,0.9619928642607077,0.8331164183286001,0.892928422022885
0.5685685685685685,0.9619829556066143,0.8328906625356497,0.8927944710363326
0.5695695695695696,0.9619730469525208,0.8326649067426994,0.8926604898558204
0.5705705705705706,0.9619631382984274,0.8324391509497491,0.892526478469452
0.5715715715715716,0.9619063068976127,0.8311484591373843,0.8917596494616811
0.5725725725725725,0.9629350082586573,0.8307210031347962,0.891955125099819
0.5735735735735735,0.9636290989876375,0.8305490939903726,0.8921536090888723
0.5745745745745746,0.9636115465172137,0.8301337359618086,0.8919064049280652
0.5755755755755756,0.9635939940467899,0.8297183779332448,0.8916590976774017
0.5765765765765766,0.963576441576366,0.8293030199046808,0.8914116872622049
0.5775775775775776,0.96353022454458,0.8282127832825996,0.8907617281729565
0.5785785785785785,0.9635286285830686,0.8260188087774295,0.8894905531859414
0.5795795795795796,0.9637757898197643,0.8260188087774295,0.8895958569317545
0.5805805805805806,0.96402295105646,0.8260188087774295,0.8897011315977943
0.5815815815815816,0.9642701122931556,0.8260188087774295,0.8898063771961052
0.5825825825825826,0.9645172735298513,0.8260188087774295,0.8899115937387242
0.5835835835835835,0.9647644347665469,0.8260188087774295,0.8900167812376824
0.5845845845845846,0.9650115960032427,0.8260188087774295,0.8901219397050033
0.5855855855855856,0.9651298242714992,0.824260872794429,0.8891504271463749
0.5865865865865866,0.9650403785539541,0.822076183947337,0.8878399186747562
0.5875875875875876,0.9649076879253553,0.8188551450955712,0.8859021055639179
0.5885885885885885,0.9665996700501885,0.8164842842645242,0.8852229732217735
0.5895895895895896,0.9665897658989725,0.8162341949595837,0.8850718149926348
0.5905905905905906,0.9665798617477565,0.8159841056546432,0.8849206182276497
0.5915915915915916,0.9665699575965404,0.8157340163497027,0.8847693829099537
0.5925925925925926,0.9665600534453244,0.8154839270447621,0.8846181090226726
0.5935935935935935,0.9665501492941083,0.8152338377398216,0.8844667965489225
0.5945945945945946,0.9665309685572527,0.8147506097180116,0.8841742996139278
0.5955955955955956,0.9664843985896033,0.8135790368275803,0.8834645220709555
0.5965965965965966,0.9666499547349648,0.8134796238244514,0.8834750582416389
0.5975975975975976,0.9668351796761713,0.8134796238244514,0.8835524107497459
0.5985985985985985,0.9670204046173777,0.8134796238244514,0.8836297471639315
0.5995995995995996,0.9672056295585841,0.8134796238244514,0.883707067489218
0.6006006006006006,0.9673908544997906,0.8134796238244514,0.8837843717306253
0.6016016016016016,0.967576079440997,0.8134796238244514,0.8838616598931717
0.6026026026026026,0.9677613043822034,0.8134796238244514,0.8839389319818729
0.6036036036036035,0.9679465293234099,0.8134796238244514,0.884016188001743
0.6046046046046046,0.9681317542646163,0.8134796238244514,0.8840934279577936
0.6056056056056056,0.9682672241234284,0.8130471316277265,0.8838943970568559
0.6066066066066066,0.96877660764892,0.8119122257053292,0.8834351706983664
0.6076076076076076,0.9698249130990203,0.8119122257053292,0.8838707872106244
0.6086086086086087,0.9707195787131602,0.8119122257053292,0.8842421544765824
0.6096096096096096,0.9715751728066774,0.8119122257053292,0.8845969549901462
0.6106106106106106,0.9718243604320177,0.8109329515842436,0.8841185412223034
0.6116116116116116,0.971794703202921,0.8100553079623375,0.8835844236568582
0.6126126126126126,0.9717782891512616,0.8095707898556116,0.8832893298503076
0.6136136136136137,0.9717618750996022,0.8090862717488855,0.8829940878939359
0.6146146146146146,0.9717401983472388,0.8084476510829054,0.8826046993502854
0.6156156156156156,0.9717092696417704,0.8075381144496789,0.8820496558442134
0.6166166166166166,0.9716932347232604,0.8070671075611828,0.8817620111517707
0.6176176176176176,0.9716856035714435,0.8068435395324567,0.8816254203516468
0.6186186186186187,0.9716779724196265,0.8066199715037305,0.8814887978723343
0.6196196196196196,0.9716703412678096,0.8063964034750045,0.8813521437014757
0.6206206206206206,0.9716627101159927,0.8061728354462784,0.8812154578267071
0.6216216216216216,0.9716550789641758,0.8059492674175524,0.8810787402356578
0.6226226226226226,0.9716474478123589,0.8057256993888262,0.880941990915951
0.6236236236236237,0.9720962620255625,0.8056426332288401,0.8810767367252912
0.6246246246246246,0.9728149314660006,0.8056426332288401,0.8813718118318801
0.6256256256256256,0.9734839163489389,0.8056135946697642,0.8816288846967244
0.6266266266266266,0.9734701755424163,0.805185531317802,0.8813668631798384
0.6276276276276276,0.9734564347358938,0.8047574679658399,0.8811047246935327
0.6286286286286287,0.9734426939293713,0.8043294046138777,0.8808424691506008
0.6296296296296297,0.9734169645825378,0.8035299391187485,0.8803523309097706
0.6306306306306306,0.9733790125549948,0.8023527000740965,0.8796298149821793
0.6316316316316316,0.9733579782058192,0.8017023826172146,0.8792302813919657
0.6326326326326326,0.9733369438566435,0.8010520651603328,0.8788304763059447
0.6336336336336337,0.9732835893727059,0.7994083560715821,0.8778186601134259
0.6346346346346347,0.9732684814673574,0.798944680149154,0.8775328978100125
0.6356356356356356,0.9732542484218382,0.7985079812473803,0.877263632934369
0.6366366366366366,0.973240015376319,0.7980712823456066,0.876994244998455
0.6376376376376376,0.9732247949267058,0.7976050563994881,0.8767064965225811
0.6386386386386387,0.9732080411263241,0.7970929775787308,0.8763902716074629
0.6396396396396397,0.9731912873259424,0.7965808987579734,0.8760738770981793
0.6406406406406406,0.9731355511821367,0.7948825314147168,0.8750232341483284
0.6416416416416416,0.9749986433597781,0.7946267024278925,0.8756203212039768
0.6426426426426426,0.9749885685105378,0.7942988750450889,0.8754171923510782
0.6436436436436437,0.9749784936612976,0.7939710476622853,0.8752139933638221
0.6446446446446447,0.9749684188120573,0.7936432202794819,0.87501072420201
0.6456456456456456,0.974958343962817,0.7933153928966783,0.874807384825412
0.6466466466466466,0.9749028571639017,0.7915161038866451,0.8736900227921057
0.6476476476476476,0.9748973954593859,0.7913397502286329,0.8735803833644947
0.6486486486486487,0.97489193375487,0.7911633965706207,0.8734707235436959
0.6496496496496497,0.9748864720503543,0.7909870429126087,0.8733610433234099
0.6506506506506506,0.9748810103458385,0.7908106892545965,0.8732513426973354
0.6516516516516516,0.9748755486413228,0.7906343355965844,0.8731416216591678
0.6526526526526526,0.974870086936807,0.7904579819385722,0.8730318802026003
0.6536536536536537,0.9748646252322911,0.79028162828056,0.8729221183213234
0.6546546546546547,0.9748591635277754,0.7901052746225479,0.8728123360090253
0.6556556556556556,0.9748523833896818,0.7898866676672528,0.8726762181887163
0.6566566566566566,0.9748410695758154,0.789522764996316,0.8724495499196295
0.6576576576576576,0.9748297557619491,0.7891588623253792,0.8722227945576712
0.6586586586586587,0.9748184419480828,0.7887949596544425,0.8719959520472532
0.6596596596596597,0.9748071281342164,0.7884310569835057,0.8717690223327402
0.6606606606606606,0.974771183992877,0.7872792903625677,0.8710501511377103
0.6616616616616616,0.9747440907667545,0.786412860726742,0.8705087735040532
0.6626626626626626,0.9747233342633694,0.7857503994280831,0.8700944916949815
0.6636636636636637,0.9746668523025376,0.7839528513187516,0.8689688354736992
0.6646646646646647,0.9745094164086876,0.7789847366205956,0.8658460135312861
0.6656656656656657,0.9744913713353087,0.7784199523671099,0.8654899042523014
0.6666666666666666,0.97447332626193,0.7778551681136242,0.8651335813515155
0.6676676676676676,0.9744042572573104,0.7757008538900202,0.8637723638131088
0.6686686686686687,0.9743796049791309,0.774935319508685,0.8632878619363866
0.6696696696696697,0.9745069613728653,0.774294670846395,0.8629401219578906
0.6706706706706707,0.9754141039027783,0.774294670846395,0.8632955991531812
0.6716716716716716,0.976283928582453,0.774272762627251,0.8636224788238738
0.6726726726726726,0.9762676868269681,0.773730670702085,0.8632788126498142
0.6736736736736737,0.9762514450714832,0.7731885787769189,0.8629349472447453
0.6746746746746747,0.9762955996395599,0.7727272727272727,0.8626648033072579
0.6756756756756757,0.9766846311957998,0.7727272727272727,0.8628166410507742
0.6766766766766766,0.9770736627520399,0.7727272727272727,0.862968411278412
0.6776776776776777,0.9774626943082799,0.7727272727272727,0.8631201140351936
0.6786786786786787,0.97785172586452,0.7727272727272727,0.8632717493661011
0.6796796796796797,0.978173693210874,0.7726944020055698,0.8633766746885861
0.6806806806806807,0.9781683420108188,0.7725011000066551,0.8632539096863968
0.6816816816816816,0.9781629908107636,0.7723077980077404,0.8631311191837934
0.6826826826826827,0.9781576396107086,0.7721144960088256,0.863008303172093
0.6836836836836837,0.9781522884106534,0.771921194009911,0.8628854616426088
0.6846846846846847,0.9781469372105982,0.7717278920109963,0.8627625945866503
0.6856856856856857,0.9781415860105431,0.7715345900120816,0.862639701995523
0.6866866866866866,0.978136234810488,0.7713412880131669,0.8625167838605281
0.6876876876876877,0.978130531344604,0.7711353587490115,0.8623858070558
0.6886886886886887,0.9781194524958936,0.7707367443613713,0.8621321796130963
0.6896896896896897,0.9781083736471833,0.7703381299737311,0.8618784434143391
0.6906906906906907,0.9780972947984728,0.7699395155860908,0.8616245983830595
0.6916916916916916,0.9785007090085167,0.7695924764890282,0.861563662783573
0.6926926926926927,0.9799143144647794,0.7646821811786366,0.8590215757331804
0.6936936936936937,0.9798683120976575,0.7628992714447883,0.8578778128195895
0.6946946946946947,0.9798495718171999,0.7621751799062024,0.8574126434678453
0.6956956956956957,0.980585915372296,0.7617554858934169,0.8574286300974483
0.6966966966966966,0.9831632712615221,0.7617554858934169,0.8584124760438704
0.6976976976976977,0.9837814535514285,0.7606000706939694,0.8579135157285321
0.6986986986986987,0.983763766962534,0.7597578878065003,0.8573708042496697
0.6996996996996997,0.9837507541991787,0.7591394858025016,0.8569719705354109
0.7007007007007007,0.9837334819425209,0.7583198863281064,0.8564429492126976
0.7017017017017017,0.9836698518530839,0.7553160663239477,0.8544998959416472
0.7027027027027027,0.9836316923258029,0.7535262545241034,0.8533389911878956
0.7037037037037037,0.9836161240953045,0.7527983787442613,0.8528662048315935
0.7047047047047047,0.9835724392753278,0.7507625534018701,0.8515417829702877
0.7057057057057057,0.983558388928351,0.7501110126057955,0.8511172642524589
0.7067067067067067,0.9835443385813742,0.749459471809721,0.8506924405760968
0.7077077077077077,0.9834690088066783,0.745986897875154,0.8484228967058791
0.7087087087087087,0.9834540699133227,0.7453026708027565,0.8479746486652965
0.7097097097097097,0.9834391310199672,0.7446184437303588,0.8475260615658907
0.7107107107107107,0.9834149026563088,0.7435128972971488,0.8468005014904407
0.7117117117117117,0.9833858315380939,0.7421900382944289,0.8459311244753251
0.7127127127127127,0.9833256660664472,0.7394665246860386,0.8441371127914612
0.7137137137137137,0.9833035687011373,0.7384711041860307,0.8434800250733843
0.7147147147147147,0.9832912993326511,0.7379197644597291,0.8431157564141415
0.7157157157157157,0.9832819264762194,0.7374993044373314,0.8428378039165659
0.7167167167167167,0.9832725536197876,0.7370788444149335,0.8425597216881694
0.7177177177177178,0.9832629279190263,0.7366471675363466,0.8422740848012421
0.7187187187187187,0.9832478795751134,0.7359749275868559,0.8418289752272329
0.7197197197197197,0.9832328312312005,0.7353026876373651,0.8413835331766465
0.7207207207207207,0.9831480714503218,0.7315415922883934,0.8388849840919383
0.7217217217217217,0.9831244472949362,0.7304994726596588,0.8381907861402851
0.7227227227227228,0.983111125029112,0.7299138820095932,0.8378003295553806
0.7237237237237237,0.9830987996896234,0.7293724702219749,0.8374391005565831
0.7247247247247247,0.9830685873715818,0.7280486955779477,0.8365549338217356
0.7257257257257257,0.983024308609661,0.7261167898963453,0.8352621746462706
0.7267267267267267,0.9829963347635551,0.7249017685360885,0.8344476525360663
0.7277277277277278,0.984961147521168,0.7225705329153606,0.8336055013437281
0.7287287287287287,0.9849378482719514,0.7174630862418808,0.8301881584427548
0.7297297297297297,0.9848799019746629,0.7146709162096371,0.8282953523598169
0.7307307307307307,0.9848277773774381,0.7121786120469151,0.8266006350581003
0.7317317317317317,0.9847709661417575,0.7094809205487439,0.8247607301800941
0.7327327327327328,0.984721015342021,0.7071252322504141,0.8231493584792152
0.7337337337337337,0.9846391762314307,0.7032996606576883,0.8205230940596235
0.7347347347347347,0.9846080018753713,0.7018528767119242,0.8195268177565833
0.7357357357357357,0.984580451917796,0.7005787958615645,0.8186480753582971
0.7367367367367368,0.9844930568677436,0.6965693301843408,0.8158741453921436
0.7377377377377378,0.9844654761228855,0.6953131166904619,0.815002359722564
0.7387387387387387,0.9844477285138105,0.6945066058839723,0.814441985219983
0.7397397397397397,0.9865605317657562,0.6903554686219122,0.8122976440961628
0.7407407407407407,0.9865032035352779,0.6873832169540751,0.8102171536624795
0.7417417417417418,0.9864818976151857,0.6862845887476748,0.8094463021959486
0.7427427427427428,0.9864708320018053,0.6857160104752061,0.8090469631592435
0.7437437437437437,0.9864597663884249,0.6851474322027374,0.8086473622295572
0.7447447447447447,0.9864403890990543,0.6841553886962961,0.8079494953835115
0.7457457457457457,0.9864212312789915,0.6831763958630023,0.8072600135896257
0.7467467467467468,0.9864099737539967,0.6826031619844698,0.8068559230357142
0.7477477477477478,0.986398716229002,0.6820299281059373,0.8064515648274844
0.7487487487487487,0.9863764913258406,0.6809023973004462,0.8056553971458698
0.7497497497497497,0.9863144361480461,0.677772312282813,0.803439624354121
0.7507507507507507,0.9862835967071633,0.67622730181068,0.8023428851095253
0.7517517517517518,0.9885133373258868,0.6744324630807743,0.801812644426368
0.7527527527527528,0.9883943705501586,0.6674384620880534,0.7968104093761808
0.7537537537537538,0.9883544541068654,0.6651241846688017,0.7951459849984747
0.7547547547547547,0.9882638613128416,0.659928808943106,0.7913926626265374
0.7557557557557557,0.9885705622723928,0.658307210031348,0.7903235318530161
0.7567567567567568,0.9904024774525704,0.658307210031348,0.7909083044631484
0.7577577577577578,0.9904346384371595,0.6491784659721797,0.7842933646934608
0.7587587587587588,0.9903599534542467,0.6441001579052138,0.7805525481711698
0.7597597597597597,0.990334705235116,0.6424014774728102,0.7792961098963341
0.7607607607607607,0.990267787738986,0.6379408438158274,0.7759844234587873
0.7617617617617618,0.9902341390290427,0.6357220900392522,0.774330458886321
0.7627627627627628,0.9902019731970577,0.6336142912772,0.7727550649601035
0.7637637637637638,0.9901721212236577,0.6316699694027079,0.7712982627984515
0.7647647647647647,0.9901004427244806,0.6270511122960492,0.7678236241591031
0.7657657657657657,0.990052126126368,0.6239752136474728,0.765498788897092
0.7667667667667668,0.9900289808754628,0.6225124510526456,0.7643901177299037
0.7677677677677678,0.9903906099839095,0.6206896551724138,0.7631217630702745
0.7687687687687688,0.9912103241151039,0.6206896551724138,0.7633649757229756
0.7697697697697697,0.9920300382462983,0.6206896551724138,0.7636079411351313
0.7707707707707707,0.9949672181276246,0.619741588929036,0.7637569845410267
0.7717717717717718,0.9949557731405457,0.6183283753694976,0.7626795159906279
0.7727727727727728,0.9949438049868855,0.616857348000494,0.7615559721076045
0.7737737737737738,0.9974448867137918,0.6118693987402959,0.758467141721724
0.7747747747747747,0.9974389350237678,0.610443889928446,0.7573692485708232
0.7757757757757757,0.9974309629645466,0.6085445005507255,0.7559033633832565
0.7767767767767768,0.9973982712571497,0.6008784054185303,0.7499516091878842
0.7777777777777778,0.9973814741324547,0.5970133357142976,0.7469292262795222
0.7787787787787788,0.9973603740480937,0.5922286941661536,0.7431674559754311
0.7797797797797797,0.997358218289294,0.5917446215687391,0.7427856104049196
0.7807807807807807,0.9973560625304945,0.5912605489713245,0.7424035337187882
0.7817817817817818,0.9981467759217694,0.5893416927899686,0.7411071288624291
0.7827827827827828,1.0,0.5833991459135063,0.736894607299952
0.7837837837837838,1.0,0.5822754220549184,0.7359975563530032
0.7847847847847848,1.0,0.581341462902321,0.7352510214148863
0.7857857857857857,1.0,0.5781338883880307,0.7326804051823003
0.7867867867867868,1.0,0.5745644041758734,0.7298074345540668
0.7877877877877878,1.0,0.5691901062874748,0.7254571692834769
0.7887887887887888,1.0,0.5595568992999821,0.7175844620368043
0.7897897897897898,1.0,0.5587299413124163,0.7169040980145387
0.7907907907907907,1.0,0.5575942047659511,0.7159685148542742
0.7917917917917918,1.0,0.5546478960459102,0.7135350679167947
0.7927927927927928,1.0,0.5534480738251066,0.7125414529786414
0.7937937937937938,1.0,0.5518862055744655,0.7112457132385843
0.7947947947947948,1.0,0.5491588457886359,0.7089768067122564
0.7957957957957957,1.0,0.5465154369966678,0.7067701025448546
0.7967967967967968,1.0,0.544065714186683,0.7047183409201762
0.7977977977977978,1.0,0.5398058400889075,0.7011349431662623
0.7987987987987988,1.0,0.5354580422273472,0.6974570812115551
0.7997997997997998,1.0,0.5338725144652293,0.6961106733845598
0.8008008008008007,1.0,0.5329557555162442,0.6953309038417276
0.8018018018018018,1.0,0.5269449986538953,0.6901951270260982
0.8028028028028028,1.0,0.5248837008935566,0.6884245671797574
0.8038038038038038,1.0,0.5232218324741312,0.6869936096231959
0.8048048048048048,1.0,0.5221157353356235,0.6860394688982018
0.8058058058058059,1.0,0.5209679450153589,0.6850478956150494
0.8068068068068068,1.0,0.5180248828089963,0.682498539616068
0.8078078078078078,1.0,0.5154830429675369,0.6802887638493743
0.8088088088088088,1.0,0.5148934911365394,0.67977517119074
0.8098098098098098,1.0,0.5143039393055419,0.6792611786262686
0.8108108108108109,1.0,0.5089095147921024,0.6745394734451258
0.8118118118118118,1.0,0.502338520830106,0.6687421161943482
0.8128128128128128,1.0,0.5004496776003756,0.6670662602970197
0.8138138138138138,1.0,0.4993107701417753,0.6660537362705136
0.8148148148148148,1.0,0.49581749330312613,0.6629384875132613
0.8158158158158159,1.0,0.49068643984997234,0.6583362224712485
0.8168168168168168,1.0,0.4878130937553339,0.6557451279368203
0.8178178178178178,1.0,0.4831784320700577,0.6515445770010156
0.8188188188188188,1.0,0.48163489218309724,0.6501397810272111
0.8198198198198198,1.0,0.4755185346029842,0.6445443055460247
0.8208208208208209,1.0,0.4741203506307849,0.6432586734562153
0.8218218218218218,1.0,0.4731865885284562,0.6423987188223252
0.8228228228228228,1.0,0.4710556172287749,0.6404320974840716
0.8238238238238238,1.0,0.46582916342084535,0.6355845210962063
0.8248248248248248,1.0,0.45879735575324443,0.6290076602398915
0.8258258258258259,1.0,0.45183813315826826,0.6224359628512558
0.8268268268268268,1.0,0.447034167584768,0.6178626290917634
0.8278278278278278,1.0,0.44167159282709645,0.612721503322383
0.8288288288288288,1.0,0.440535270802395,0.611627191268995
0.8298298298298298,1.0,0.4390287913255563,0.6101737421405536
0.8308308308308309,1.0,0.4349868657944264,0.606259020431678
0.8318318318318318,1.0,0.430541715901222,0.6019282221769905
0.8328328328328328,1.0,0.42504280412141004,0.5965333853721877
0.8338338338338338,1.0,0.4210392058022988,0.5925792956072398
0.8348348348348348,1.0,0.41915794525634525,0.5907135941526677
0.8358358358358359,1.0,0.4116926298281155,0.5832610033222916
0.8368368368368369,1.0,0.4054735674337733,0.5769920926711123
0.8378378378378378,1.0,0.3978945276805768,0.569276894360226
0.8388388388388388,1.0,0.3952130165318387,0.5665271350667908
0.8398398398398398,1.0,0.39161899731518884,0.5628250233299894
0.8408408408408409,1.0,0.3875251209434018,0.5585846556492137
0.8418418418418419,1.0,0.38373229411132576,0.554633718883854
0.8428428428428428,1.0,0.3794521409401335,0.5501490478408722
0.8438438438438438,1.0,0.3750695117155805,0.5455280747918436
0.8448448448448448,1.0,0.3708375577882002,0.5410379306889345
0.8458458458458459,1.0,0.36766579615241085,0.537654443339517
0.8468468468468469,1.0,0.36525653445724154,0.535073849109903
0.8478478478478478,1.0,0.3588513874008657,0.5281687029620751
0.8488488488488488,1.0,0.35733702970988157,0.5265266059767914
0.8498498498498498,1.0,0.35622084857507225,0.5253139250135248
0.8508508508508509,1.0,0.3541703896231148,0.5230809835115144
0.8518518518518519,1.0,0.3504197019646083,0.5189789536613145
0.8528528528528528,1.0,0.3431460816906436,0.5109586907460119
0.8538538538538538,1.0,0.3388358375600933,0.5061648755647157
0.8548548548548548,1.0,0.3302285132395944,0.4964989247379262
0.8558558558558559,1.0,0.32771414018369854,0.4936516532668049
0.8568568568568569,1.0,0.32510136971515335,0.4906815088192655
0.8578578578578578,1.0,0.3215078326905843,0.48657726384564176
0.8588588588588588,1.0,0.3124959937609767,0.4761858249418572
0.8598598598598598,1.0,0.304650508235977,0.4670224037974678
0.8608608608608609,1.0,0.3012392007862492,0.4630035747527912
0.8618618618618619,1.0,0.29260028692904483,0.45273127336866614
0.8628628628628628,1.0,0.28328227537862466,0.4414964358407334
0.8638638638638638,1.0,0.2796082957498073,0.43702169902855503
0.8648648648648649,1.0,0.2707934477800069,0.4261801133033309
0.8658658658658659,1.0,0.2654776828605868,0.4195691262772487
0.8668668668668669,1.0,0.261998683487862,0.4152122928746017
0.8678678678678678,1.0,0.25958089231954246,0.4121702606039367
0.8688688688688688,1.0,0.25025817502655656,0.4003303957940381
0.8698698698698699,1.0,0.24500050889737934,0.39357495381967555
0.8708708708708709,1.0,0.23251972101128632,0.3773079116665219
0.8718718718718719,1.0,0.22601468281722664,0.3686981664817806
0.8728728728728729,1.0,0.22114935708330646,0.36219870370569207
0.8738738738738738,1.0,0.21436378038628284,0.35304705863031394
0.8748748748748749,1.0,0.21101022181519,0.34848627701739066
0.8758758758758759,1.0,0.20395310003855438,0.3388057226349152
0.8768768768768769,1.0,0.19950058474196408,0.33263941223485194
0.8778778778778779,1.0,0.193278128464078,0.3239448102729495
0.8788788788788788,1.0,0.18319718079839345,0.3096646675151412
0.8798798798798799,1.0,0.17981956701899846,0.30482553781226257
0.8808808808808809,1.0,0.16906036236315714,0.2892243511214696
0.8818818818818819,1.0,0.1632413574687028,0.280666357709165
0.8828828828828829,1.0,0.15868781506922808,0.27390952594033613
0.8838838838838838,1.0,0.15482687251086644,0.26813867289775867
0.8848848848848849,1.0,0.15217275346173992,0.2641491963848859
0.8858858858858859,1.0,0.14380154299274772,0.25144491869890667
0.8868868868868869,1.0,0.1347197253189125,0.23745022195864193
0.8878878878878879,1.0,0.12381580471721654,0.22034892941974965
0.8888888888888888,1.0,0.1142994867566745,0.20515038930756266
0.8898898898898899,1.0,0.11183904669394816,0.20117848357008403
0.8908908908908909,1.0,0.10603147794115589,0.19173320118977133
0.8918918918918919,1.0,0.10157074441262552,0.18441075151607192
0.8928928928928929,1.0,0.0960836147389906,0.17532168795693734
0.8938938938938938,1.0,0.09079308864416791,0.16647169768378664
0.8948948948948949,1.0,0.08784400166815332,0.1615011004030891
0.8958958958958959,1.0,0.07957364347108954,0.14741679542164643
0.8968968968968969,1.0,0.0756395116413603,0.14064100625299458
0.8978978978978979,1.0,0.06863294160244866,0.12844998302135702
0.8988988988988988,1.0,0.0626166299143432,0.1178536607683068
0.8998998998998999,1.0,0.05999329353822685,0.11319560964007797
0.9009009009009009,1.0,0.056356831898014034,0.10670036903487362
0.9019019019019019,1.0,0.05471392129068883,0.10375120719698773
0.9029029029029029,1.0,0.04876332682802174,0.09299205183977233
0.9039039039039038,1.0,0.0473082429950902,0.09034253919323346
0.9049049049049049,1.0,0.04375704994242136,0.08384527787349597
0.9059059059059059,1.0,0.04087754205135347,0.07854438279222035
0.9069069069069069,1.0,0.039713403941342894,0.07639298250998289
0.9079079079079079,1.0,0.03732082126659476,0.07195617884354254
0.9089089089089089,1.0,0.03558281789775801,0.06872037133638705
0.9099099099099099,1.0,0.031407136017829226,0.06090152941754771
0.9109109109109109,1.0,0.026481727240805258,0.05159707481980891
0.9119119119119119,1.0,0.025117987747374036,0.049005066826637356
0.9129129129129129,1.0,0.020427394144411037,0.04003693797644196
0.9139139139139139,1.0,0.0151262337088874,0.029801680237583582
0.914914914914915,1.0,0.012417950122828626,0.024531272131874105
0.9159159159159159,1.0,0.012184999984753534,0.02407662627866857
0.9169169169169169,1.0,0.01195204984667844,0.023621771107611874
0.9179179179179179,1.0,0.011719099708603346,0.02316670647411657
0.9189189189189189,1.0,0.011486149570528252,0.02271143223346204
0.91991991991992,1.0,0.011253199432453133,0.02225594824079425
0.9209209209209209,1.0,0.011020249294378039,0.02180025435112582
0.9219219219219219,1.0,0.010797482999506992,0.021364285489642948
0.9229229229229229,1.0,0.010577391864873133,0.02093336334262159
0.9239239239239239,1.0,0.010357300730239275,0.020502253455789352
0.924924924924925,1.0,0.010137209595605393,0.020070955706430586
0.9259259259259259,1.0,0.009917118460971534,0.019639469971722803
0.9269269269269269,1.0,0.009697027326337676,0.019207796128736274
0.9279279279279279,1.0,0.009476936191703818,0.018775934054434125
0.9289289289289289,1.0,0.008870108060241456,0.017584241993840115
0.92992992992993,1.0,0.008073120664631296,0.0160169346828901
0.9309309309309309,1.0,0.007777261781441273,0.0154344855284658
0.9319319319319319,1.0,0.007692386163719283,0.015267330128401913
0.9329329329329329,1.0,0.007607510545997292,0.015100146567734438
0.933933933933934,1.0,0.007522634928275293,0.014932934839346459
0.934934934934935,1.0,0.007437759310553302,0.0147656949361187
0.9359359359359359,1.0,0.0073528836928313124,0.014598426850929434
0.9369369369369369,1.0,0.007268008075109322,0.014431130576654561
0.9379379379379379,1.0,0.007183132457387332,0.01426380610616757
0.938938938938939,1.0,0.007098256839665332,0.014096453432339536
0.93993993993994,1.0,0.007013381221943342,0.01392907254803918
0.9409409409409409,1.0,0.0069285056042213515,0.013761663446132763
0.9419419419419419,1.0,0.006843629986499362,0.013594226119484168
0.9429429429429429,1.0,0.006758754368777371,0.013426760560954862
0.943943943943944,1.0,0.006673878751055372,0.013259266763403887
0.944944944944945,1.0,0.006589003133333381,0.013091744719687938
0.9459459459459459,1.0,0.006504127515611391,0.01292419442266124
0.9469469469469469,1.0,0.006419251897889401,0.012756615865175626
0.9479479479479479,1.0,0.00633437628016741,0.012589009040080522
0.948948948948949,1.0,0.006183036361078316,0.012290082693979099
0.94994994994995,1.0,0.005817389747629094,0.011567486915470299
0.950950950950951,1.0,0.005451743134179873,0.010844365572803678
0.9519519519519519,1.0,0.005086096520730651,0.01012071809238433
0.9529529529529529,1.0,0.00472044990728143,0.009396543899782367
0.953953953953954,1.0,0.004426756203000323,0.008814492795342561
0.954954954954955,1.0,0.004136843655066389,0.008239601367495377
0.955955955955956,1.0,0.003846931107132455,0.007664377880579291
0.9569569569569569,1.0,0.0035570185591985207,0.00708882204681367
0.9579579579579579,1.0,0.003267106011264587,0.006512933578085245
0.958958958958959,1.0,0.002188449994538289,0.004367342278890193
0.95995995995996,1.0,0.0,0.0
0.960960960960961,1.0,0.0,0.0
0.9619619619619619,1.0,0.0,0.0
0.9629629629629629,1.0,0.0,0.0
0.963963963963964,1.0,0.0,0.0
0.964964964964965,1.0,0.0,0.0
0.965965965965966,1.0,0.0,0.0
0.9669669669669669,1.0,0.0,0.0
0.9679679679679679,1.0,0.0,0.0
0.968968968968969,1.0,0.0,0.0
0.96996996996997,1.0,0.0,0.0
0.970970970970971,1.0,0.0,0.0
0.9719719719719719,1.0,0.0,0.0
0.9729729729729729,1.0,0.0,0.0
0.973973973973974,1.0,0.0,0.0
0.974974974974975,1.0,0.0,0.0
0.975975975975976,1.0,0.0,0.0
0.9769769769769769,1.0,0.0,0.0
0.9779779779779779,1.0,0.0,0.0
0.978978978978979,1.0,0.0,0.0
0.97997997997998,1.0,0.0,0.0
0.980980980980981,1.0,0.0,0.0
0.9819819819819819,1.0,0.0,0.0
0.9829829829829829,1.0,0.0,0.0
0.983983983983984,1.0,0.0,0.0
0.984984984984985,1.0,0.0,0.0
0.985985985985986,1.0,0.0,0.0
0.986986986986987,1.0,0.0,0.0
0.9879879879879879,1.0,0.0,0.0
0.988988988988989,1.0,0.0,0.0
0.98998998998999,1.0,0.0,0.0
0.990990990990991,1.0,0.0,0.0
0.991991991991992,1.0,0.0,0.0
0.992992992992993,1.0,0.0,0.0
0.993993993993994,1.0,0.0,0.0
0.994994994994995,1.0,0.0,0.0
0.995995995995996,1.0,0.0,0.0
0.996996996996997,1.0,0.0,0.0
0.997997997997998,1.0,0.0,0.0
0.998998998998999,1.0,0.0,0.0
1.0,1.0,0.0,0.0
